Column1;Column2;Column3;Column4;Column5;Column6;Column7;Column8;Column9;Column10;Column11;Column12;Column13;Column14;Column15;Column16;Column17;Column18;Column19;Column20;Column21
10000;1000;10;15;15;25;0.5;1;lognormal;Model5;NA;NA;FALSE;86.58;62.29;98.4;84.14;96.65;85.68;99.59;86.81
10000;1000;10;15;15;25;0.75;1;mixed;Model7;NA;NA;FALSE;20.27;65.51;37.88;98.01;34.41;98.04;59.18;97.38
10000;1000;10;15;15;25;0.5;1;mixed;Model5;NA;NA;FALSE;29.07;24.68;49.8;39.27;46.63;38.77;62.64;38.05
10000;1000;10;15;15;25;0.75;1;normal;Model5;NA;NA;FALSE;52.67;46.43;57.36;53.42;55.75;54.45;69.4;51.74
10000;1000;10;15;15;25;0.5;1;mixed;Model6;NA;NA;FALSE;36.95;30.17;61.59;48.47;58.3;47.92;73.65;44.65
10000;1000;10;15;15;25;0.5;1;normal;Model5;NA;NA;FALSE;28.38;23.87;38.58;32.75;37.24;33.91;49.63;31.63
10000;1000;10;15;15;25;0.5;1;lognormal;Model7;NA;NA;FALSE;46.91;66.81;68.41;95.34;58.53;96.13;80.36;96.34
10000;1000;10;15;15;25;0.75;1;lognormal;Model7;NA;NA;FALSE;87.92;96.06;93.62;99.76;89.24;99.78;97.38;99.83
10000;1000;10;15;15;25;0.5;1;mixed;Model7;NA;NA;FALSE;20.77;55.3;41.64;96.9;36.15;97.23;57.15;96.9
10000;1000;10;15;15;25;0.75;1;lognormal;Model1;NA;NA;FALSE;4.98;5.21;4.8;5;3.57;5.09;7.91;5.42
10000;1000;10;15;15;25;0.75;1;lognormal;Model6;NA;NA;FALSE;100;97.42;100;99.61;100;99.66;100;99.61
10000;1000;10;15;15;25;0.5;1;mixed;Model4;NA;NA;FALSE;5.06;4.96;5;5.26;4.31;5.32;9.78;5.16
10000;1000;10;15;15;25;0.5;1;normal;Model2;NA;NA;FALSE;21.44;33.24;27.46;56.24;23.69;58.93;39.56;56.8
10000;1000;10;15;15;25;0.75;1;lognormal;Model4;NA;NA;FALSE;5.15;4.99;4.84;4.9;4.07;5.4;8.26;5.63
10000;1000;10;15;15;25;0.75;1;normal;Model4;NA;NA;FALSE;5.15;5.17;4.58;4.53;4.29;4.92;8.24;4.24
10000;1000;10;15;15;25;0.75;1;normal;Model3;NA;NA;FALSE;96.1;98.25;98.57;99.88;97.65;99.92;99.63;99.81
10000;1000;10;15;15;25;0.75;1;lognormal;Model3;NA;NA;FALSE;99.92;99.69;100;99.98;100;100;100;99.99
10000;1000;10;15;15;25;0.5;1;lognormal;Model3;NA;NA;FALSE;93.65;90.36;99.56;99.58;99.21;99.72;99.87;99.57
10000;1000;10;15;15;25;0.5;1;mixed;Model2;NA;NA;FALSE;17.63;22.93;29.23;41.96;23.71;42.97;42.65;43.15
10000;1000;10;15;15;25;0.75;1;lognormal;Model2;NA;NA;FALSE;83.22;81.36;88.98;91.45;84.58;92.11;93.43;92.93
10000;1000;10;15;15;25;0.5;1;normal;Model1;NA;NA;FALSE;5.18;5.15;4.68;4.67;4.38;5.18;8.07;4.63
10000;1000;10;15;15;25;0.5;1;lognormal;Model4;NA;NA;FALSE;5.07;5.07;4.8;4.85;3.8;5.46;8.09;5.61
10000;1000;10;15;15;25;0.5;1;mixed;Model3;NA;NA;FALSE;64.66;68.1;93.55;97.28;89.85;97.71;97.79;96.63
10000;1000;10;15;15;25;0.75;1;normal;Model7;NA;NA;FALSE;83.84;99.96;90.43;100;88.67;100;96.5;100
10000;1000;10;15;15;25;0.5;1;lognormal;Model6;NA;NA;FALSE;96.12;73.47;99.99;91.98;99.84;93.5;100;93.12
10000;1000;10;15;15;25;0.5;1;normal;Model3;NA;NA;FALSE;66.66;75.43;86.83;97.09;82.75;97.88;93.93;96.43
10000;1000;10;15;15;25;0.5;1;normal;Model4;NA;NA;FALSE;5.19;5.15;4.68;4.67;4.39;5.06;8.1;4.43
10000;1000;10;15;15;25;0.5;1;mixed;Model1;NA;NA;FALSE;5.26;5.22;5.36;5.71;4.45;5.57;10.16;5.33
10000;1000;10;15;15;25;0.75;1;mixed;Model2;NA;NA;FALSE;18.89;31.4;29.7;50.52;25.41;51.69;47.79;48.67
10000;1000;10;15;15;25;0.5;1;lognormal;Model1;NA;NA;FALSE;5.05;5.09;4.87;4.92;3.41;5.19;7.89;5.45
10000;1000;10;15;15;25;0.5;1;lognormal;Model2;NA;NA;FALSE;48.68;47.86;66.18;71.12;59.66;72.11;75.74;74.28
10000;1000;10;15;15;25;0.5;1;normal;Model6;NA;NA;FALSE;34.39;28.83;47.59;40.22;46.32;41.2;58.88;36.49
10000;1000;10;15;15;25;0.75;1;mixed;Model1;NA;NA;FALSE;5.03;5.4;5.33;5.24;4.9;5.11;11.54;4.39
10000;1000;10;15;15;25;0.75;1;normal;Model1;NA;NA;FALSE;5.13;5.17;4.58;4.53;4.21;4.93;8.35;4.27
10000;1000;10;15;15;25;0.75;1;mixed;Model3;NA;NA;FALSE;72;84.1;95.39;99.28;92.23;99.5;99.06;98.44
10000;1000;10;15;15;25;0.75;1;normal;Model2;NA;NA;FALSE;47.39;66.48;48.59;81.52;42.9;83.86;62.68;81.85
10000;1000;10;15;15;25;0.5;1;normal;Model7;NA;NA;FALSE;45.73;96.2;65.49;99.99;61.53;100;80.67;99.98
10000;1000;10;15;15;25;0.75;1;mixed;Model6;NA;NA;FALSE;40.74;38.81;62.81;56.57;60.39;55.84;77.8;49.3
10000;1000;10;15;15;25;0.75;1;mixed;Model4;NA;NA;FALSE;4.9;5.29;5.02;5.06;4.76;4.81;11.06;4.24
10000;1000;10;15;15;25;0.75;1;normal;Model6;NA;NA;FALSE;62.27;53.96;68.46;63.47;67.24;64.4;78.91;59.63
10000;1000;10;15;15;25;0.75;1;mixed;Model5;NA;NA;FALSE;31.22;31.73;50.36;46.37;48.34;45.79;67.16;41.73
10000;1000;10;15;15;25;0.75;1;lognormal;Model5;NA;NA;FALSE;99.85;91.95;100;97.41;99.97;97.88;100;98.08
10000;1000;10;15;15;50;0.5;1;normal;Model5;NA;NA;FALSE;30.25;30.48;41.02;44.83;39.66;46.65;53.83;39.54
10000;1000;10;15;15;50;0.5;1;lognormal;Model5;NA;NA;FALSE;87.78;61.39;99.01;83.07;97.61;85.11;99.84;83.69
10000;1000;10;15;15;50;0.75;1;normal;Model2;NA;NA;FALSE;48.13;62.2;48.7;77.99;43.51;80.81;63.63;75.77
10000;1000;10;15;15;50;0.5;1;mixed;Model6;NA;NA;FALSE;36.38;29.36;62.38;48.41;59.38;48.13;75.55;39.98
10000;1000;10;15;15;50;0.75;1;lognormal;Model6;NA;NA;FALSE;99.99;97.01;100;99.53;100;99.63;100;99.31
10000;1000;10;15;15;50;0.75;1;lognormal;Model7;NA;NA;FALSE;97.38;99.97;99.52;100;98.93;100;99.92;100
10000;1000;10;15;15;50;0.75;1;mixed;Model7;NA;NA;FALSE;30.33;97.5;67.73;100;63.13;100;88.54;100
10000;1000;10;15;15;50;0.5;1;lognormal;Model6;NA;NA;FALSE;96.59;73.17;99.94;91.75;99.85;93.19;100;90.92
10000;1000;10;15;15;50;0.5;1;mixed;Model7;NA;NA;FALSE;34.36;94.4;75.07;100;68.75;100;89.02;100
10000;1000;10;15;15;50;0.75;1;normal;Model7;NA;NA;FALSE;99.92;100;100;100;100;100;100;100
10000;1000;10;15;15;50;0.5;1;normal;Model2;NA;NA;FALSE;21.96;30.96;27.74;51.45;24.29;54.78;40.68;48.72
10000;1000;10;15;15;50;0.5;1;mixed;Model5;NA;NA;FALSE;29.56;24.08;50.69;39.46;47.5;39.52;64.89;34.34
10000;1000;10;15;15;50;0.5;1;lognormal;Model7;NA;NA;FALSE;69.11;95.35;91.47;100;85.43;100;96.7;100
10000;1000;10;15;15;50;0.5;1;normal;Model6;NA;NA;FALSE;36.71;35.82;51.78;53.71;49.78;55.34;63.66;44.99
10000;1000;10;15;15;50;0.5;1;mixed;Model2;NA;NA;FALSE;17.12;21.12;28.67;38.58;23.3;40.51;43.45;36.57
10000;1000;10;15;15;50;0.75;1;lognormal;Model3;NA;NA;FALSE;99.88;99.51;99.99;99.98;99.99;99.99;100;99.97
10000;1000;10;15;15;50;0.5;1;lognormal;Model2;NA;NA;FALSE;48.72;46.88;66.53;69.74;59.56;71.47;76.65;71.45
10000;1000;10;15;15;50;0.75;1;lognormal;Model2;NA;NA;FALSE;82.98;80.99;88.82;91.01;84.28;92;93.87;91.77
10000;1000;10;15;15;50;0.5;1;mixed;Model4;NA;NA;FALSE;5.22;5.13;5.6;5.68;4.94;5.63;10.82;4.38
10000;1000;10;15;15;50;0.75;1;normal;Model5;NA;NA;FALSE;56.36;59.06;61.28;70.63;60.31;72.02;73.91;64.82
10000;1000;10;15;15;50;0.5;1;lognormal;Model4;NA;NA;FALSE;5.29;5.18;5.31;5.3;4.55;6.01;8.89;5.42
10000;1000;10;15;15;50;0.75;1;mixed;Model6;NA;NA;FALSE;39.59;37.58;63.8;56.59;61.29;56.33;79.67;43.41
10000;1000;10;15;15;50;0.5;1;lognormal;Model3;NA;NA;FALSE;93.67;89.35;99.61;99.33;99.21;99.53;99.87;99.2
10000;1000;10;15;15;50;0.5;1;normal;Model1;NA;NA;FALSE;5.37;5.27;5.42;5.39;4.99;5.67;9.31;4.49
10000;1000;10;15;15;50;0.75;1;lognormal;Model4;NA;NA;FALSE;5.3;5.35;5.28;5.24;4.43;5.74;8.73;5.38
10000;1000;10;15;15;50;0.5;1;normal;Model3;NA;NA;FALSE;68.28;77.58;88.08;97.44;83.71;98.25;95.18;96.18
10000;1000;10;15;15;50;0.5;1;mixed;Model1;NA;NA;FALSE;5.41;5.18;5.91;5.68;4.98;5.78;11.47;4.6
10000;1000;10;15;15;50;0.75;1;normal;Model1;NA;NA;FALSE;5.38;5.17;5.22;5.37;5.01;5.69;9.08;4.37
10000;1000;10;15;15;50;0.5;1;lognormal;Model1;NA;NA;FALSE;5.28;5.4;5.35;5.44;4.15;5.68;8.68;5.56
10000;1000;10;15;15;50;0.75;1;normal;Model4;NA;NA;FALSE;5.38;5.18;5.22;5.37;4.89;5.65;9;4.19
10000;1000;10;15;15;50;0.5;1;mixed;Model3;NA;NA;FALSE;64.96;66.29;93.91;97;90.79;97.51;98.07;94.75
10000;1000;10;15;15;50;0.75;1;mixed;Model2;NA;NA;FALSE;18.46;29.63;28.83;47.7;24.72;49.74;48.99;41.03
10000;1000;10;15;15;50;0.75;1;mixed;Model1;NA;NA;FALSE;5.37;5.34;5.74;5.91;5.46;5.67;12.39;4.12
10000;1000;10;15;15;50;0.5;1;normal;Model4;NA;NA;FALSE;5.37;5.27;5.42;5.39;4.88;5.68;9.19;4.31
10000;1000;10;15;15;50;0.75;1;normal;Model3;NA;NA;FALSE;96.74;98.03;98.94;99.88;98.18;99.95;99.72;99.74
10000;1000;10;15;15;50;0.75;1;lognormal;Model1;NA;NA;FALSE;5.42;5.56;5.31;5.49;4.07;5.33;8.66;5.49
10000;1000;10;15;15;50;0.75;1;mixed;Model3;NA;NA;FALSE;72.08;81.8;95.38;98.98;92.66;99.27;99.13;96.92
10000;1000;10;15;15;50;0.75;1;normal;Model6;NA;NA;FALSE;67.11;67.36;73.9;79.46;72.9;80.72;84.02;72.08
10000;1000;10;15;15;50;0.75;1;mixed;Model5;NA;NA;FALSE;32.15;31.05;51.42;46.75;48.74;46.41;68.9;37.3
10000;1000;10;15;15;50;0.75;1;mixed;Model4;NA;NA;FALSE;5.33;5.35;5.49;5.93;5.34;5.57;11.8;3.62
10000;1000;10;15;15;50;0.75;1;lognormal;Model5;NA;NA;FALSE;99.83;92.15;100;97.37;99.96;98.08;100;97.48
10000;1000;10;15;15;50;0.5;1;normal;Model7;NA;NA;FALSE;94.13;100;99.9;100;99.85;100;100;100
10000;1000;100;150;150;25;0.75;1;normal;Model4;NA;NA;FALSE;5.1;4.99;5.2;5.4;5.38;5.36;7.87;4.28
10000;1000;100;150;150;25;0.5;1;normal;Model7;NA;NA;FALSE;100;100;100;100;100;100;100;100
10000;1000;100;150;150;25;0.75;1;normal;Model6;NA;NA;FALSE;100;100;100;100;100;100;100;100
10000;1000;100;150;150;25;0.75;1;mixed;Model4;NA;NA;FALSE;5.31;5.22;5.24;5.07;5.08;5.07;10.56;3.73
10000;1000;100;150;150;25;0.75;1;normal;Model1;NA;NA;FALSE;5.1;4.99;5.2;5.4;5.38;5.42;7.9;4.27
10000;1000;100;150;150;25;0.5;1;mixed;Model4;NA;NA;FALSE;5.33;5.2;5.31;5.17;5.19;5.14;8.84;4.14
10000;1000;100;150;150;25;0.5;1;normal;Model3;NA;NA;FALSE;100;100;100;100;100;100;100;100
10000;1000;100;150;150;25;0.5;1;normal;Model2;NA;NA;FALSE;100;100;100;100;100;100;100;100
10000;1000;100;150;150;25;0.75;1;mixed;Model5;NA;NA;FALSE;100;100;100;100;100;100;100;100
10000;1000;100;150;150;25;0.75;1;lognormal;Model5;NA;NA;FALSE;100;100;100;100;100;100;100;100
10000;1000;100;150;150;25;0.75;1;normal;Model3;NA;NA;FALSE;100;100;100;100;100;100;100;100
10000;1000;100;150;150;25;0.5;1;lognormal;Model3;NA;NA;FALSE;100;100;100;100;100;100;100;100
10000;1000;100;150;150;25;0.75;1;mixed;Model1;NA;NA;FALSE;7.5;13.44;11.96;22.45;11.7;22.32;21.81;18.56
10000;1000;100;150;150;25;0.5;1;mixed;Model3;NA;NA;FALSE;100;100;100;100;100;100;100;100
10000;1000;100;150;150;25;0.75;1;lognormal;Model1;NA;NA;FALSE;4.92;4.66;5.04;4.94;4.98;4.88;7.48;4.19
10000;1000;100;150;150;25;0.75;1;mixed;Model3;NA;NA;FALSE;100;100;100;100;100;100;100;100
10000;1000;100;150;150;25;0.5;1;lognormal;Model6;NA;NA;FALSE;100;100;100;100;100;100;100;100
10000;1000;100;150;150;25;0.75;1;lognormal;Model3;NA;NA;FALSE;100;100;100;100;100;100;100;100
10000;1000;100;150;150;25;0.5;1;mixed;Model1;NA;NA;FALSE;8.75;12.31;13.05;21.82;13.04;21.65;20.74;18.78
10000;1000;100;150;150;25;0.5;1;normal;Model4;NA;NA;FALSE;5.3;5.04;5.6;5.18;5.65;5.23;8.06;3.84
10000;1000;100;150;150;25;0.5;1;mixed;Model6;NA;NA;FALSE;100;100;100;100;100;100;100;100
10000;1000;100;150;150;25;0.5;1;lognormal;Model1;NA;NA;FALSE;4.95;4.97;5.04;5.07;4.94;5.15;7.48;4.51
10000;1000;100;150;150;25;0.5;1;mixed;Model2;NA;NA;FALSE;100;100;100;100;100;100;100;100
10000;1000;100;150;150;25;0.75;1;normal;Model2;NA;NA;FALSE;100;100;100;100;100;100;100;100
10000;1000;100;150;150;25;0.75;1;mixed;Model6;NA;NA;FALSE;100;100;100;100;100;100;100;100
10000;1000;100;150;150;25;0.5;1;lognormal;Model7;NA;NA;FALSE;100;100;100;100;100;100;100;100
10000;1000;100;150;150;25;0.75;1;lognormal;Model7;NA;NA;FALSE;100;100;100;100;100;100;100;100
10000;1000;100;150;150;25;0.5;1;normal;Model6;NA;NA;FALSE;100;100;100;100;100;100;100;100
10000;1000;100;150;150;25;0.75;1;lognormal;Model4;NA;NA;FALSE;4.88;4.82;5.14;5.17;5;5.03;7.46;4.42
10000;1000;100;150;150;25;0.75;1;mixed;Model7;NA;NA;FALSE;100;100;100;100;100;100;100;100
10000;1000;100;150;150;25;0.5;1;lognormal;Model2;NA;NA;FALSE;100;100;100;100;100;100;100;100
10000;1000;100;150;150;25;0.75;1;mixed;Model2;NA;NA;FALSE;100;100;100;100;100;100;100;100
10000;1000;100;150;150;25;0.75;1;normal;Model7;NA;NA;FALSE;100;100;100;100;100;100;100;100
10000;1000;100;150;150;25;0.75;1;lognormal;Model6;NA;NA;FALSE;100;100;100;100;100;100;100;100
10000;1000;100;150;150;25;0.75;1;normal;Model5;NA;NA;FALSE;100;100;100;100;100;100;100;100
10000;1000;100;150;150;25;0.5;1;normal;Model5;NA;NA;FALSE;100;100;100;100;100;100;100;100
10000;1000;100;150;150;25;0.5;1;lognormal;Model5;NA;NA;FALSE;100;100;100;100;100;100;100;100
10000;1000;100;150;150;25;0.5;1;normal;Model1;NA;NA;FALSE;5.3;5.04;5.6;5.18;5.64;5.25;8.1;4.02
10000;1000;100;150;150;25;0.75;1;lognormal;Model2;NA;NA;FALSE;100;100;100;100;100;100;100;100
10000;1000;100;150;150;25;0.5;1;lognormal;Model4;NA;NA;FALSE;5.04;4.9;5.1;5.14;5.01;5.09;7.58;4.36
10000;1000;100;150;150;25;0.5;1;mixed;Model7;NA;NA;FALSE;100;100;100;100;100;100;100;100
10000;1000;100;150;150;25;0.5;1;mixed;Model5;NA;NA;FALSE;99.98;99.99;100;100;100;100;100;100
10000;1000;100;150;150;50;0.5;1;mixed;Model4;NA;NA;FALSE;4.84;5.06;4.95;5.15;4.91;5.08;8.68;3.19
10000;1000;100;150;150;50;0.75;1;normal;Model6;NA;NA;FALSE;100;100;100;100;100;100;100;100
10000;1000;100;150;150;50;0.75;1;normal;Model1;NA;NA;FALSE;4.5;4.54;4.78;4.9;4.89;4.94;7.37;3.28
10000;1000;100;150;150;50;0.75;1;normal;Model4;NA;NA;FALSE;4.5;4.54;4.78;4.9;4.94;5.11;7.38;3.17
10000;1000;100;150;150;50;0.75;1;mixed;Model5;NA;NA;FALSE;100;100;100;100;100;100;100;100
10000;1000;100;150;150;50;0.5;1;normal;Model4;NA;NA;FALSE;4.52;4.68;4.75;4.95;4.8;4.97;7.38;3.21
10000;1000;100;150;150;50;0.5;1;normal;Model1;NA;NA;FALSE;4.52;4.68;4.75;4.95;4.81;5.07;7.41;3.31
10000;1000;100;150;150;50;0.5;1;normal;Model3;NA;NA;FALSE;100;100;100;100;100;100;100;100
10000;1000;100;150;150;50;0.5;1;normal;Model7;NA;NA;FALSE;100;100;100;100;100;100;100;100
10000;1000;100;150;150;50;0.5;1;normal;Model6;NA;NA;FALSE;100;100;100;100;100;100;100;100
10000;1000;100;150;150;50;0.75;1;lognormal;Model4;NA;NA;FALSE;4.73;5.03;4.89;4.98;4.82;4.99;7.65;3.65
10000;1000;100;150;150;50;0.75;1;normal;Model7;NA;NA;FALSE;100;100;100;100;100;100;100;100
10000;1000;100;150;150;50;0.75;1;lognormal;Model3;NA;NA;FALSE;100;100;100;100;100;100;100;100
10000;1000;100;150;150;50;0.5;1;lognormal;Model6;NA;NA;FALSE;100;100;100;100;100;100;100;100
10000;1000;100;150;150;50;0.75;1;mixed;Model3;NA;NA;FALSE;100;100;100;100;100;100;100;100
10000;1000;100;150;150;50;0.75;1;mixed;Model6;NA;NA;FALSE;100;100;100;100;100;100;100;100
10000;1000;100;150;150;50;0.5;1;lognormal;Model4;NA;NA;FALSE;4.84;5.12;4.53;4.94;4.55;5.07;7.34;3.69
10000;1000;100;150;150;50;0.75;1;normal;Model2;NA;NA;FALSE;100;100;100;100;100;100;100;100
10000;1000;100;150;150;50;0.5;1;mixed;Model2;NA;NA;FALSE;100;100;100;100;100;100;100;100
10000;1000;100;150;150;50;0.5;1;normal;Model2;NA;NA;FALSE;100;100;100;100;100;100;100;100
10000;1000;100;150;150;50;0.5;1;mixed;Model6;NA;NA;FALSE;100;100;100;100;100;100;100;100
10000;1000;100;150;150;50;0.75;1;mixed;Model1;NA;NA;FALSE;7.08;13.44;10.99;22.02;10.81;21.84;21.94;16.24
10000;1000;100;150;150;50;0.75;1;lognormal;Model2;NA;NA;FALSE;100;100;100;100;100;100;100;100
10000;1000;100;150;150;50;0.5;1;lognormal;Model3;NA;NA;FALSE;100;100;100;100;100;100;100;100
10000;1000;100;150;150;50;0.75;1;mixed;Model2;NA;NA;FALSE;100;100;100;100;100;100;100;100
10000;1000;100;150;150;50;0.75;1;lognormal;Model5;NA;NA;FALSE;100;100;100;100;100;100;100;100
10000;1000;100;150;150;50;0.5;1;lognormal;Model2;NA;NA;FALSE;100;100;100;100;100;100;100;100
10000;1000;100;150;150;50;0.5;1;lognormal;Model1;NA;NA;FALSE;5.13;5.2;4.87;4.99;4.68;5;7.53;3.74
10000;1000;100;150;150;50;0.5;1;mixed;Model3;NA;NA;FALSE;100;100;100;100;100;100;100;100
10000;1000;100;150;150;50;0.75;1;lognormal;Model1;NA;NA;FALSE;4.92;5.23;5.05;5.06;4.88;4.94;7.74;3.77
10000;1000;100;150;150;50;0.5;1;mixed;Model1;NA;NA;FALSE;8.4;12.14;12.69;21.71;12.5;21.39;20.85;16.8
10000;1000;100;150;150;50;0.5;1;mixed;Model7;NA;NA;FALSE;100;100;100;100;100;100;100;100
10000;1000;100;150;150;50;0.75;1;lognormal;Model7;NA;NA;FALSE;100;100;100;100;100;100;100;100
10000;1000;100;150;150;50;0.5;1;lognormal;Model7;NA;NA;FALSE;100;100;100;100;100;100;100;100
10000;1000;100;150;150;50;0.75;1;mixed;Model7;NA;NA;FALSE;100;100;100;100;100;100;100;100
10000;1000;100;150;150;50;0.5;1;mixed;Model5;NA;NA;FALSE;99.99;100;100;100;100;100;100;100
10000;1000;100;150;150;50;0.5;1;normal;Model5;NA;NA;FALSE;100;100;100;100;100;100;100;100
10000;1000;100;150;150;50;0.75;1;normal;Model5;NA;NA;FALSE;100;100;100;100;100;100;100;100
10000;1000;100;150;150;50;0.75;1;mixed;Model4;NA;NA;FALSE;4.82;4.85;4.92;5.27;4.96;5.34;10.25;3.07
10000;1000;100;150;150;50;0.5;1;lognormal;Model5;NA;NA;FALSE;100;100;100;100;100;100;100;100
10000;1000;100;150;150;50;0.75;1;normal;Model3;NA;NA;FALSE;100;100;100;100;100;100;100;100
10000;1000;100;150;150;50;0.75;1;lognormal;Model6;NA;NA;FALSE;100;100;100;100;100;100;100;100
10000;1000;20;30;30;25;0.75;1;normal;Model1;NA;NA;FALSE;5.31;5.39;5.23;5.41;4.96;5.46;8.36;4.32
10000;1000;20;30;30;25;0.5;1;lognormal;Model5;NA;NA;FALSE;99.99;98.36;100;99.97;100;99.98;100;99.95
10000;1000;20;30;30;25;0.75;1;normal;Model5;NA;NA;FALSE;89.48;90.53;93.34;95.49;93.02;95.5;96.24;93.59
10000;1000;20;30;30;25;0.75;1;mixed;Model4;NA;NA;FALSE;4.86;5;5.07;5.55;4.95;5.41;10.53;3.81
10000;1000;20;30;30;25;0.75;1;normal;Model4;NA;NA;FALSE;5.31;5.39;5.23;5.41;5.03;5.41;8.43;3.93
10000;1000;20;30;30;25;0.75;1;normal;Model6;NA;NA;FALSE;95.34;95.38;97.83;98.67;97.69;98.59;99.03;97.53
10000;1000;20;30;30;25;0.5;1;normal;Model2;NA;NA;FALSE;52.66;84.68;70.92;98.38;67.88;98.49;82.27;97.92
10000;1000;20;30;30;25;0.75;1;lognormal;Model4;NA;NA;FALSE;5.83;5.1;5.44;5.36;5.1;5.42;8.08;4.7
10000;1000;20;30;30;25;0.75;1;mixed;Model7;NA;NA;FALSE;44.03;99.59;87.03;100;84.66;100;97.23;100
10000;1000;20;30;30;25;0.5;1;mixed;Model4;NA;NA;FALSE;5.02;4.94;5.31;5.66;5.01;5.4;9.42;4.32
10000;1000;20;30;30;25;0.75;1;lognormal;Model6;NA;NA;FALSE;100;100;100;100;100;100;100;100
10000;1000;20;30;30;25;0.75;1;lognormal;Model7;NA;NA;FALSE;100;100;100;100;100;100;100;100
10000;1000;20;30;30;25;0.75;1;mixed;Model6;NA;NA;FALSE;77.05;81.65;95.86;95.66;95.24;95.47;98.5;92.82
10000;1000;20;30;30;25;0.5;1;lognormal;Model2;NA;NA;FALSE;87.74;91.41;97.92;99.2;97.32;99.2;98.9;99.1
10000;1000;20;30;30;25;0.75;1;mixed;Model5;NA;NA;FALSE;63.78;71.63;88.73;89.7;87.73;89.41;95.18;85.31
10000;1000;20;30;30;25;0.75;1;normal;Model2;NA;NA;FALSE;93.68;99.66;95.28;99.95;93.67;99.99;98.22;99.95
10000;1000;20;30;30;25;0.75;1;lognormal;Model1;NA;NA;FALSE;5.85;5.14;5.27;5.44;4.69;5.37;8.05;4.72
10000;1000;20;30;30;25;0.5;1;normal;Model6;NA;NA;FALSE;68.97;67.29;86.11;87.7;85.56;87.86;91.29;83.22
10000;1000;20;30;30;25;0.5;1;mixed;Model6;NA;NA;FALSE;71.61;66.23;94.43;91.41;94.03;91.06;97.18;88.16
10000;1000;20;30;30;25;0.5;1;normal;Model4;NA;NA;FALSE;5.14;5.59;5.13;5.34;5.06;5.36;8.16;3.84
10000;1000;20;30;30;25;0.5;1;mixed;Model1;NA;NA;FALSE;5.4;5.61;6.38;6.78;5.79;6.37;10.89;5.48
10000;1000;20;30;30;25;0.75;1;mixed;Model2;NA;NA;FALSE;41.62;78.65;71.5;95.34;66.98;95.54;87.72;93.74
10000;1000;20;30;30;25;0.75;1;lognormal;Model3;NA;NA;FALSE;100;100;100;100;100;100;100;100
10000;1000;20;30;30;25;0.75;1;mixed;Model3;NA;NA;FALSE;99.8;100;100;100;100;100;100;100
10000;1000;20;30;30;25;0.75;1;normal;Model7;NA;NA;FALSE;99.96;100;100;100;100;100;100;100
10000;1000;20;30;30;25;0.75;1;lognormal;Model2;NA;NA;FALSE;99.75;99.8;99.95;99.96;99.91;99.97;99.98;99.96
10000;1000;20;30;30;25;0.5;1;mixed;Model2;NA;NA;FALSE;37.53;60.44;68.77;91;64.34;90.97;81.29;89.2
10000;1000;20;30;30;25;0.5;1;lognormal;Model4;NA;NA;FALSE;5.81;5.24;5.25;5.4;4.88;5.5;8.18;4.73
10000;1000;20;30;30;25;0.5;1;lognormal;Model1;NA;NA;FALSE;5.78;5.3;5.3;5.33;4.58;5.09;8.25;4.57
10000;1000;20;30;30;25;0.75;1;normal;Model3;NA;NA;FALSE;100;100;100;100;100;100;100;100
10000;1000;20;30;30;25;0.5;1;lognormal;Model6;NA;NA;FALSE;100;99.67;100;100;100;100;100;100
10000;1000;20;30;30;25;0.5;1;mixed;Model3;NA;NA;FALSE;98.79;99.82;100;100;100;100;100;100
10000;1000;20;30;30;25;0.5;1;normal;Model3;NA;NA;FALSE;99.12;99.89;99.97;100;99.98;100;100;100
10000;1000;20;30;30;25;0.5;1;normal;Model7;NA;NA;FALSE;92.99;100;99.74;100;99.59;100;99.97;100
10000;1000;20;30;30;25;0.5;1;mixed;Model7;NA;NA;FALSE;48.17;98.25;89.98;100;87.99;100;96.73;100
10000;1000;20;30;30;25;0.5;1;mixed;Model5;NA;NA;FALSE;59.08;56.99;87.15;83.87;86.01;83.47;92.38;80.04
10000;1000;20;30;30;25;0.5;1;lognormal;Model3;NA;NA;FALSE;100;99.99;100;100;100;100;100;100
10000;1000;20;30;30;25;0.75;1;mixed;Model1;NA;NA;FALSE;5.24;5.64;5.67;6.67;5.53;6.51;11.91;4.86
10000;1000;20;30;30;25;0.5;1;lognormal;Model7;NA;NA;FALSE;96.05;99.78;100;100;99.93;100;100;100
10000;1000;20;30;30;25;0.5;1;normal;Model5;NA;NA;FALSE;58.02;57.3;75.78;79.08;74.98;79.3;82.74;73.96
10000;1000;20;30;30;25;0.75;1;lognormal;Model5;NA;NA;FALSE;100;100;100;100;100;100;100;100
10000;1000;20;30;30;25;0.5;1;normal;Model1;NA;NA;FALSE;5.14;5.59;5.13;5.34;5.04;5.34;8.17;4.14
10000;1000;20;30;30;50;0.75;1;normal;Model1;NA;NA;FALSE;5.08;4.88;5.5;5.28;5.34;5.37;8.55;3.47
10000;1000;20;30;30;50;0.75;1;normal;Model5;NA;NA;FALSE;93.05;98.26;95.56;99.63;95.29;99.7;98.19;99.23
10000;1000;20;30;30;50;0.5;1;normal;Model5;NA;NA;FALSE;62.26;74.98;79.68;94.65;78.92;94.98;86.92;90.15
10000;1000;20;30;30;50;0.5;1;normal;Model6;NA;NA;FALSE;72.19;83.31;89.35;97.67;88.69;97.69;93.8;95.13
10000;1000;20;30;30;50;0.75;1;lognormal;Model7;NA;NA;FALSE;100;100;100;100;100;100;100;100
10000;1000;20;30;30;50;0.5;1;normal;Model2;NA;NA;FALSE;52.78;82.64;70.75;98.02;67.6;98.28;83.18;96.56
10000;1000;20;30;30;50;0.5;1;lognormal;Model7;NA;NA;FALSE;99.81;100;100;100;100;100;100;100
10000;1000;20;30;30;50;0.75;1;lognormal;Model3;NA;NA;FALSE;100;100;100;100;100;100;100;100
10000;1000;20;30;30;50;0.75;1;lognormal;Model4;NA;NA;FALSE;5.12;5.14;5.42;5.24;5;5.33;8.44;3.78
10000;1000;20;30;30;50;0.75;1;mixed;Model4;NA;NA;FALSE;5.07;5.07;5.55;5.43;5.55;5.18;11.24;2.92
10000;1000;20;30;30;50;0.75;1;mixed;Model1;NA;NA;FALSE;5.47;5.46;6.09;6.68;5.9;6.38;12.46;3.83
10000;1000;20;30;30;50;0.75;1;mixed;Model3;NA;NA;FALSE;99.74;100;100;100;99.99;100;100;100
10000;1000;20;30;30;50;0.5;1;mixed;Model3;NA;NA;FALSE;98.51;99.79;99.98;100;99.98;100;100;100
10000;1000;20;30;30;50;0.5;1;lognormal;Model4;NA;NA;FALSE;5.26;5.01;5.34;5.25;4.94;5.46;8.51;4.02
10000;1000;20;30;30;50;0.5;1;mixed;Model4;NA;NA;FALSE;5.13;4.89;5.53;5.5;5.21;5.28;9.71;3.11
10000;1000;20;30;30;50;0.5;1;normal;Model7;NA;NA;FALSE;100;100;100;100;100;100;100;100
10000;1000;20;30;30;50;0.5;1;mixed;Model7;NA;NA;FALSE;79.65;100;99.96;100;99.91;100;100;100
10000;1000;20;30;30;50;0.75;1;normal;Model2;NA;NA;FALSE;93.21;99.45;95.12;99.96;93.74;99.95;98.23;99.88
10000;1000;20;30;30;50;0.75;1;lognormal;Model6;NA;NA;FALSE;100;100;100;100;100;100;100;100
10000;1000;20;30;30;50;0.5;1;mixed;Model5;NA;NA;FALSE;60.05;56.62;88.06;84.75;86.99;84.29;93.67;77.44
10000;1000;20;30;30;50;0.75;1;mixed;Model2;NA;NA;FALSE;42.59;80.27;71.48;96.27;67.83;96.3;88.81;92.69
10000;1000;20;30;30;50;0.75;1;mixed;Model7;NA;NA;FALSE;71.65;100;99.83;100;99.76;100;99.99;100
10000;1000;20;30;30;50;0.5;1;mixed;Model1;NA;NA;FALSE;5.53;5.31;6.48;6.56;6.04;6.36;11.07;4.39
10000;1000;20;30;30;50;0.5;1;lognormal;Model6;NA;NA;FALSE;100;99.63;100;100;100;100;100;100
10000;1000;20;30;30;50;0.75;1;lognormal;Model1;NA;NA;FALSE;4.98;5.14;5.17;5.25;4.54;5.26;8.18;4.14
10000;1000;20;30;30;50;0.5;1;lognormal;Model1;NA;NA;FALSE;5.19;5.18;5.31;5.39;4.81;5.33;8.46;4.29
10000;1000;20;30;30;50;0.75;1;mixed;Model5;NA;NA;FALSE;64.7;71.83;89.71;90.18;88.61;89.97;95.84;83.15
10000;1000;20;30;30;50;0.5;1;mixed;Model6;NA;NA;FALSE;70.63;65.76;94.63;91.26;94.22;90.96;97.32;85.43
10000;1000;20;30;30;50;0.75;1;normal;Model4;NA;NA;FALSE;5.08;4.88;5.5;5.28;5.33;5.28;8.53;3.12
10000;1000;20;30;30;50;0.5;1;lognormal;Model3;NA;NA;FALSE;99.99;100;100;100;100;100;100;100
10000;1000;20;30;30;50;0.75;1;lognormal;Model2;NA;NA;FALSE;99.8;99.87;99.99;100;99.97;100;100;100
10000;1000;20;30;30;50;0.75;1;mixed;Model6;NA;NA;FALSE;76.05;81.4;95.98;95.46;95.54;95.36;98.56;90.31
10000;1000;20;30;30;50;0.75;1;normal;Model7;NA;NA;FALSE;100;100;100;100;100;100;100;100
10000;1000;20;30;30;50;0.5;1;mixed;Model2;NA;NA;FALSE;38.38;61.25;68.91;91.27;64.64;91.3;82.16;87.12
10000;1000;20;30;30;50;0.5;1;normal;Model3;NA;NA;FALSE;99.09;99.96;99.99;100;99.99;100;100;100
10000;1000;20;30;30;50;0.75;1;normal;Model3;NA;NA;FALSE;100;100;100;100;100;100;100;100
10000;1000;20;30;30;50;0.5;1;lognormal;Model2;NA;NA;FALSE;88.41;92.32;97.98;99.57;97.21;99.54;99.25;99.38
10000;1000;20;30;30;50;0.75;1;normal;Model6;NA;NA;FALSE;97.19;99.51;98.83;99.91;98.81;99.94;99.54;99.78
10000;1000;20;30;30;50;0.5;1;normal;Model4;NA;NA;FALSE;4.99;5.1;5.5;5.48;5.35;5.53;8.59;3.38
10000;1000;20;30;30;50;0.75;1;lognormal;Model5;NA;NA;FALSE;100;100;100;100;100;100;100;100
10000;1000;20;30;30;50;0.5;1;lognormal;Model5;NA;NA;FALSE;100;97.94;100;99.99;100;99.98;100;99.92
10000;1000;20;30;30;50;0.5;1;normal;Model1;NA;NA;FALSE;4.99;5.1;5.5;5.48;5.35;5.51;8.65;3.71
10000;1000;20;30;30;100;0.75;1;normal;Model5;NA;NA;FALSE;94.45;99.74;97.05;99.95;96.95;99.94;98.71;99.86
10000;1000;20;30;30;100;0.5;1;normal;Model1;NA;NA;FALSE;5.06;5.06;5.21;5.01;5.09;5.13;8.26;2.61
10000;1000;20;30;30;100;0.5;1;normal;Model5;NA;NA;FALSE;64.38;86.32;82.32;98.65;81.86;98.73;89.4;95.98
10000;1000;20;30;30;100;0.5;1;mixed;Model7;NA;NA;FALSE;89.05;100;100;100;100;100;100;100
10000;1000;20;30;30;100;0.75;1;mixed;Model3;NA;NA;FALSE;99.72;100;100;100;100;100;100;100
10000;1000;20;30;30;100;0.75;1;mixed;Model5;NA;NA;FALSE;64.92;72.44;89.57;90.28;88.9;89.95;95.99;78.88
10000;1000;20;30;30;100;0.5;1;lognormal;Model6;NA;NA;FALSE;100;99.71;100;100;100;100;100;100
10000;1000;20;30;30;100;0.75;1;normal;Model6;NA;NA;FALSE;98.5;99.92;99.31;100;99.23;100;99.73;99.98
10000;1000;20;30;30;100;0.5;1;normal;Model6;NA;NA;FALSE;76.33;92.09;91.78;99.61;91.11;99.6;95.38;98.26
10000;1000;20;30;30;100;0.75;1;normal;Model2;NA;NA;FALSE;92.41;99.47;94.4;99.97;92.9;99.97;98.02;99.9
10000;1000;20;30;30;100;0.5;1;mixed;Model3;NA;NA;FALSE;98.67;99.76;99.99;100;99.99;100;100;100
10000;1000;20;30;30;100;0.75;1;mixed;Model7;NA;NA;FALSE;81.82;100;99.99;100;99.99;100;100;100
10000;1000;20;30;30;100;0.75;1;normal;Model7;NA;NA;FALSE;100;100;100;100;100;100;100;100
10000;1000;20;30;30;100;0.75;1;mixed;Model6;NA;NA;FALSE;77.67;82.05;96.33;95.8;96.02;95.61;98.95;87.13
10000;1000;20;30;30;100;0.5;1;mixed;Model4;NA;NA;FALSE;5.08;5.08;5.69;5.29;5.04;5.13;10.13;2.19
10000;1000;20;30;30;100;0.5;1;lognormal;Model4;NA;NA;FALSE;5.12;4.74;5.23;5.18;4.86;5.3;8.07;3.09
10000;1000;20;30;30;100;0.75;1;lognormal;Model3;NA;NA;FALSE;100;100;100;100;100;100;100;100
10000;1000;20;30;30;100;0.75;1;lognormal;Model6;NA;NA;FALSE;100;100;100;100;100;100;100;100
10000;1000;20;30;30;100;0.75;1;lognormal;Model7;NA;NA;FALSE;100;100;100;100;100;100;100;100
10000;1000;20;30;30;100;0.5;1;mixed;Model5;NA;NA;FALSE;60.53;56.62;87.78;84.8;86.92;84.44;93.58;72.25
10000;1000;20;30;30;100;0.5;1;lognormal;Model7;NA;NA;FALSE;99.96;100;100;100;100;100;100;100
10000;1000;20;30;30;100;0.75;1;mixed;Model4;NA;NA;FALSE;4.87;4.99;5.28;5.51;5.14;5.26;11.29;1.99
10000;1000;20;30;30;100;0.75;1;lognormal;Model4;NA;NA;FALSE;5.15;4.79;5.28;5.16;4.71;5.47;8.2;3.04
10000;1000;20;30;30;100;0.5;1;normal;Model4;NA;NA;FALSE;5.06;5.06;5.21;5.01;5.09;5.24;8.21;2.3
10000;1000;20;30;30;100;0.5;1;mixed;Model1;NA;NA;FALSE;5.62;5.73;6.71;6.42;6.04;6.14;11.7;3.2
10000;1000;20;30;30;100;0.5;1;normal;Model7;NA;NA;FALSE;100;100;100;100;100;100;100;100
10000;1000;20;30;30;100;0.5;1;lognormal;Model1;NA;NA;FALSE;5.14;4.81;5.13;5.32;4.69;5.15;8.11;3.2
10000;1000;20;30;30;100;0.5;1;normal;Model2;NA;NA;FALSE;51.62;80.68;70.09;97.82;66.69;98.04;81.58;95.07
10000;1000;20;30;30;100;0.75;1;lognormal;Model1;NA;NA;FALSE;5.02;4.86;5.31;5.45;4.65;5.25;8.03;3.31
10000;1000;20;30;30;100;0.75;1;mixed;Model1;NA;NA;FALSE;5.3;5.69;6.06;6.44;5.94;6.41;12.86;2.88
10000;1000;20;30;30;100;0.5;1;lognormal;Model3;NA;NA;FALSE;99.99;99.97;100;100;100;100;100;100
10000;1000;20;30;30;100;0.75;1;lognormal;Model2;NA;NA;FALSE;99.75;99.87;99.99;100;99.96;100;100;99.99
10000;1000;20;30;30;100;0.75;1;normal;Model4;NA;NA;FALSE;5.01;5.1;5.1;5.25;5.13;5.09;8.18;2.14
10000;1000;20;30;30;100;0.5;1;mixed;Model2;NA;NA;FALSE;36.44;59.64;68.12;91.28;63.54;91.28;82.33;83.71
10000;1000;20;30;30;100;0.5;1;mixed;Model6;NA;NA;FALSE;72.02;66.92;95.38;91.89;94.95;91.72;97.8;81.78
10000;1000;20;30;30;100;0.75;1;normal;Model3;NA;NA;FALSE;100;100;100;100;100;100;100;100
10000;1000;20;30;30;100;0.75;1;normal;Model1;NA;NA;FALSE;5.01;5.1;5.1;5.25;5.08;5.06;8.23;2.41
10000;1000;20;30;30;100;0.5;1;lognormal;Model2;NA;NA;FALSE;87.41;91.48;98.05;99.54;97.36;99.49;99.12;99.06
10000;1000;20;30;30;100;0.5;1;normal;Model3;NA;NA;FALSE;99.3;99.97;99.99;100;99.98;100;100;100
10000;1000;20;30;30;100;0.75;1;mixed;Model2;NA;NA;FALSE;41.18;79.22;70.73;96.32;66.63;96.44;88.96;89.24
10000;1000;20;30;30;100;0.5;1;lognormal;Model5;NA;NA;FALSE;100;98.11;100;99.98;100;99.99;100;99.89
10000;1000;20;30;30;100;0.75;1;lognormal;Model5;NA;NA;FALSE;100;100;100;100;100;100;100;100
10000;1000;200;300;300;25;0.75;1;normal;Model1;NA;NA;FALSE;5.34;5.31;5.03;5.46;5.11;5.5;8.04;4.26
10000;1000;200;300;300;25;0.75;1;normal;Model6;NA;NA;FALSE;100;100;100;100;100;100;100;100
10000;1000;200;300;300;25;0.5;1;normal;Model6;NA;NA;FALSE;100;100;100;100;100;100;100;100
10000;1000;200;300;300;25;0.5;1;normal;Model5;NA;NA;FALSE;100;100;100;100;100;100;100;100
10000;1000;200;300;300;25;0.5;1;mixed;Model1;NA;NA;FALSE;14.57;25.15;26.81;52.41;26.87;52.39;37.98;48.5
10000;1000;200;300;300;25;0.75;1;mixed;Model4;NA;NA;FALSE;5.07;5.29;5.33;5.44;5.23;5.42;10.59;3.96
10000;1000;200;300;300;25;0.75;1;mixed;Model7;NA;NA;FALSE;100;100;100;100;100;100;100;100
10000;1000;200;300;300;25;0.5;1;normal;Model3;NA;NA;FALSE;100;100;100;100;100;100;100;100
10000;1000;200;300;300;25;0.5;1;mixed;Model5;NA;NA;FALSE;100;100;100;100;100;100;100;100
10000;1000;200;300;300;25;0.75;1;mixed;Model1;NA;NA;FALSE;11.22;28.25;23.52;53.63;23.4;53.18;39.6;48.47
10000;1000;200;300;300;25;0.75;1;mixed;Model5;NA;NA;FALSE;100;100;100;100;100;100;100;100
10000;1000;200;300;300;25;0.75;1;lognormal;Model1;NA;NA;FALSE;5.6;5.48;5.36;5.47;5.37;5.48;8.09;4.92
10000;1000;200;300;300;25;0.75;1;normal;Model3;NA;NA;FALSE;100;100;100;100;100;100;100;100
10000;1000;200;300;300;25;0.75;1;normal;Model4;NA;NA;FALSE;5.34;5.31;5.03;5.46;5.08;5.51;8.06;4.28
10000;1000;200;300;300;25;0.5;1;mixed;Model4;NA;NA;FALSE;5.03;5.31;5.27;5.52;5.33;5.45;9.4;4.15
10000;1000;200;300;300;25;0.5;1;mixed;Model7;NA;NA;FALSE;100;100;100;100;100;100;100;100
10000;1000;200;300;300;25;0.75;1;mixed;Model3;NA;NA;FALSE;100;100;100;100;100;100;100;100
10000;1000;200;300;300;25;0.75;1;mixed;Model2;NA;NA;FALSE;100;100;100;100;100;100;100;100
10000;1000;200;300;300;25;0.75;1;mixed;Model6;NA;NA;FALSE;100;100;100;100;100;100;100;100
10000;1000;200;300;300;25;0.5;1;normal;Model1;NA;NA;FALSE;5.44;5.45;5.08;5.11;5.05;5.17;7.91;4.06
10000;1000;200;300;300;25;0.75;1;lognormal;Model4;NA;NA;FALSE;5.46;5.47;5.32;5.19;5.29;5.38;8.01;4.65
10000;1000;200;300;300;25;0.75;1;lognormal;Model2;NA;NA;FALSE;100;100;100;100;100;100;100;100
10000;1000;200;300;300;25;0.5;1;normal;Model7;NA;NA;FALSE;100;100;100;100;100;100;100;100
10000;1000;200;300;300;25;0.5;1;mixed;Model3;NA;NA;FALSE;100;100;100;100;100;100;100;100
10000;1000;200;300;300;25;0.75;1;lognormal;Model5;NA;NA;FALSE;100;100;100;100;100;100;100;100
10000;1000;200;300;300;25;0.5;1;mixed;Model6;NA;NA;FALSE;100;100;100;100;100;100;100;100
10000;1000;200;300;300;25;0.5;1;lognormal;Model6;NA;NA;FALSE;100;100;100;100;100;100;100;100
10000;1000;200;300;300;25;0.75;1;lognormal;Model6;NA;NA;FALSE;100;100;100;100;100;100;100;100
10000;1000;200;300;300;25;0.75;1;lognormal;Model3;NA;NA;FALSE;100;100;100;100;100;100;100;100
10000;1000;200;300;300;25;0.5;1;mixed;Model2;NA;NA;FALSE;100;100;100;100;100;100;100;100
10000;1000;200;300;300;25;0.5;1;lognormal;Model5;NA;NA;FALSE;100;100;100;100;100;100;100;100
10000;1000;200;300;300;25;0.75;1;normal;Model5;NA;NA;FALSE;100;100;100;100;100;100;100;100
10000;1000;200;300;300;25;0.75;1;lognormal;Model7;NA;NA;FALSE;100;100;100;100;100;100;100;100
10000;1000;200;300;300;25;0.5;1;lognormal;Model1;NA;NA;FALSE;5.46;5.65;5.58;5.35;5.43;5.46;8.13;4.74
10000;1000;200;300;300;25;0.5;1;lognormal;Model2;NA;NA;FALSE;100;100;100;100;100;100;100;100
10000;1000;200;300;300;25;0.5;1;lognormal;Model4;NA;NA;FALSE;5.37;5.43;5.65;5.19;5.5;5.36;8.23;4.67
10000;1000;200;300;300;25;0.5;1;normal;Model4;NA;NA;FALSE;5.44;5.45;5.08;5.11;5.05;5.17;7.96;4.08
10000;1000;200;300;300;25;0.5;1;normal;Model2;NA;NA;FALSE;100;100;100;100;100;100;100;100
10000;1000;200;300;300;25;0.75;1;normal;Model7;NA;NA;FALSE;100;100;100;100;100;100;100;100
10000;1000;200;300;300;25;0.5;1;lognormal;Model7;NA;NA;FALSE;100;100;100;100;100;100;100;100
10000;1000;200;300;300;25;0.5;1;lognormal;Model3;NA;NA;FALSE;100;100;100;100;100;100;100;100
10000;1000;200;300;300;25;0.75;1;normal;Model2;NA;NA;FALSE;100;100;100;100;100;100;100;100
10000;1000;200;300;300;50;0.5;1;normal;Model1;NA;NA;FALSE;5.02;5.11;5.09;4.86;5.16;5.04;7.61;3.04
10000;1000;200;300;300;50;0.5;1;normal;Model6;NA;NA;FALSE;100;100;100;100;100;100;100;100
10000;1000;200;300;300;50;0.75;1;mixed;Model5;NA;NA;FALSE;100;100;100;100;100;100;100;100
10000;1000;200;300;300;50;0.5;1;mixed;Model5;NA;NA;FALSE;100;100;100;100;100;100;100;100
10000;1000;200;300;300;50;0.5;1;normal;Model4;NA;NA;FALSE;5.02;5.11;5.09;4.86;5.17;5.09;7.56;3.13
10000;1000;200;300;300;50;0.5;1;mixed;Model1;NA;NA;FALSE;13.48;24.24;25.8;50.34;25.66;50.47;37.75;43.91
10000;1000;200;300;300;50;0.5;1;normal;Model5;NA;NA;FALSE;100;100;100;100;100;100;100;100
10000;1000;200;300;300;50;0.5;1;mixed;Model7;NA;NA;FALSE;100;100;100;100;100;100;100;100
10000;1000;200;300;300;50;0.75;1;mixed;Model4;NA;NA;FALSE;4.81;5.32;4.97;4.93;4.97;4.96;10.61;3.13
10000;1000;200;300;300;50;0.5;1;mixed;Model2;NA;NA;FALSE;100;100;100;100;100;100;100;100
10000;1000;200;300;300;50;0.5;1;mixed;Model4;NA;NA;FALSE;4.88;5.28;5.21;5.19;5.15;5.17;8.85;3.2
10000;1000;200;300;300;50;0.75;1;normal;Model3;NA;NA;FALSE;100;100;100;100;100;100;100;100
10000;1000;200;300;300;50;0.5;1;normal;Model2;NA;NA;FALSE;100;100;100;100;100;100;100;100
10000;1000;200;300;300;50;0.5;1;normal;Model3;NA;NA;FALSE;100;100;100;100;100;100;100;100
10000;1000;200;300;300;50;0.5;1;lognormal;Model4;NA;NA;FALSE;5.34;5.01;5.09;5;5.09;5.05;7.84;3.88
10000;1000;200;300;300;50;0.75;1;mixed;Model3;NA;NA;FALSE;100;100;100;100;100;100;100;100
10000;1000;200;300;300;50;0.75;1;normal;Model5;NA;NA;FALSE;100;100;100;100;100;100;100;100
10000;1000;200;300;300;50;0.75;1;normal;Model7;NA;NA;FALSE;100;100;100;100;100;100;100;100
10000;1000;200;300;300;50;0.75;1;normal;Model2;NA;NA;FALSE;100;100;100;100;100;100;100;100
10000;1000;200;300;300;50;0.75;1;lognormal;Model5;NA;NA;FALSE;100;100;100;100;100;100;100;100
10000;1000;200;300;300;50;0.5;1;mixed;Model3;NA;NA;FALSE;100;100;100;100;100;100;100;100
10000;1000;200;300;300;50;0.75;1;lognormal;Model6;NA;NA;FALSE;100;100;100;100;100;100;100;100
10000;1000;200;300;300;50;0.5;1;lognormal;Model2;NA;NA;FALSE;100;100;100;100;100;100;100;100
10000;1000;200;300;300;50;0.75;1;mixed;Model6;NA;NA;FALSE;100;100;100;100;100;100;100;100
10000;1000;200;300;300;50;0.5;1;normal;Model7;NA;NA;FALSE;100;100;100;100;100;100;100;100
10000;1000;200;300;300;50;0.5;1;mixed;Model6;NA;NA;FALSE;100;100;100;100;100;100;100;100
10000;1000;200;300;300;50;0.5;1;lognormal;Model5;NA;NA;FALSE;100;100;100;100;100;100;100;100
10000;1000;200;300;300;50;0.75;1;normal;Model1;NA;NA;FALSE;5.05;5.27;4.79;4.94;4.86;5.04;7.72;3.27
10000;1000;200;300;300;50;0.75;1;lognormal;Model1;NA;NA;FALSE;5.03;4.88;5.15;5.11;5.05;5.15;7.81;4.09
10000;1000;200;300;300;50;0.75;1;normal;Model4;NA;NA;FALSE;5.05;5.27;4.79;4.94;4.91;5.06;7.68;3.08
10000;1000;200;300;300;50;0.75;1;lognormal;Model2;NA;NA;FALSE;100;100;100;100;100;100;100;100
10000;1000;200;300;300;50;0.75;1;lognormal;Model3;NA;NA;FALSE;100;100;100;100;100;100;100;100
10000;1000;200;300;300;50;0.75;1;mixed;Model1;NA;NA;FALSE;10.61;27.67;22.96;51.72;22.6;51.72;39.92;43.41
10000;1000;200;300;300;50;0.5;1;lognormal;Model3;NA;NA;FALSE;100;100;100;100;100;100;100;100
10000;1000;200;300;300;50;0.5;1;lognormal;Model1;NA;NA;FALSE;5.25;5.11;5.08;5.05;5.12;5;7.86;3.84
10000;1000;200;300;300;50;0.75;1;lognormal;Model7;NA;NA;FALSE;100;100;100;100;100;100;100;100
10000;1000;200;300;300;50;0.75;1;mixed;Model2;NA;NA;FALSE;100;100;100;100;100;100;100;100
10000;1000;200;300;300;50;0.75;1;mixed;Model7;NA;NA;FALSE;100;100;100;100;100;100;100;100
10000;1000;200;300;300;50;0.75;1;normal;Model6;NA;NA;FALSE;100;100;100;100;100;100;100;100
10000;1000;200;300;300;50;0.5;1;lognormal;Model6;NA;NA;FALSE;100;100;100;100;100;100;100;100
10000;1000;200;300;300;50;0.75;1;lognormal;Model4;NA;NA;FALSE;5.06;5.23;5.15;5.11;5.2;5.14;8.07;3.92
10000;1000;200;300;300;50;0.5;1;lognormal;Model7;NA;NA;FALSE;100;100;100;100;100;100;100;100
10000;1000;30;45;45;25;0.5;1;normal;Model4;NA;NA;FALSE;4.91;5.06;5.03;5.43;4.95;5.56;8.1;3.8
10000;1000;30;45;45;25;0.75;1;mixed;Model5;NA;NA;FALSE;85.8;92.16;98.71;98.82;98.44;98.82;99.64;97.91
10000;1000;30;45;45;25;0.75;1;mixed;Model4;NA;NA;FALSE;4.9;5.11;5;5.3;5.04;5.17;10.59;3.53
10000;1000;30;45;45;25;0.5;1;lognormal;Model6;NA;NA;FALSE;100;100;100;100;100;100;100;100
10000;1000;30;45;45;25;0.5;1;normal;Model3;NA;NA;FALSE;99.99;100;100;100;100;100;100;100
10000;1000;30;45;45;25;0.75;1;normal;Model6;NA;NA;FALSE;99.81;99.9;99.97;100;99.95;100;99.99;100
10000;1000;30;45;45;25;0.5;1;normal;Model6;NA;NA;FALSE;88.21;89.9;97.54;99.07;97.4;99.1;98.77;98.21
10000;1000;30;45;45;25;0.5;1;lognormal;Model1;NA;NA;FALSE;5.14;5.34;5;5.34;4.52;5.12;8.09;4.71
10000;1000;30;45;45;25;0.75;1;lognormal;Model3;NA;NA;FALSE;100;100;100;100;100;100;100;100
10000;1000;30;45;45;25;0.75;1;lognormal;Model7;NA;NA;FALSE;100;100;100;100;100;100;100;100
10000;1000;30;45;45;25;0.75;1;lognormal;Model4;NA;NA;FALSE;5.36;5.23;5.23;5.42;4.89;5.63;8.06;4.57
10000;1000;30;45;45;25;0.75;1;lognormal;Model6;NA;NA;FALSE;100;100;100;100;100;100;100;100
10000;1000;30;45;45;25;0.5;1;lognormal;Model3;NA;NA;FALSE;100;100;100;100;100;100;100;100
10000;1000;30;45;45;25;0.75;1;mixed;Model7;NA;NA;FALSE;71.38;100;99.63;100;99.42;100;99.98;100
10000;1000;30;45;45;25;0.75;1;mixed;Model6;NA;NA;FALSE;93.81;96.86;99.76;99.79;99.74;99.78;99.95;99.47
10000;1000;30;45;45;25;0.75;1;mixed;Model1;NA;NA;FALSE;5.31;6.27;6.16;7.84;6.22;7.41;12.88;5.51
10000;1000;30;45;45;25;0.5;1;mixed;Model4;NA;NA;FALSE;5.07;5.09;5.21;5.33;5.01;5.14;8.81;4.03
10000;1000;30;45;45;25;0.75;1;lognormal;Model2;NA;NA;FALSE;100;100;100;100;100;100;100;100
10000;1000;30;45;45;25;0.5;1;mixed;Model7;NA;NA;FALSE;76.56;99.99;99.75;100;99.67;100;99.99;100
10000;1000;30;45;45;25;0.75;1;normal;Model2;NA;NA;FALSE;99.89;100;99.97;100;99.94;100;100;100
10000;1000;30;45;45;25;0.75;1;normal;Model4;NA;NA;FALSE;4.91;5.03;5.04;5.23;4.92;5.26;7.85;3.83
10000;1000;30;45;45;25;0.5;1;mixed;Model5;NA;NA;FALSE;80.5;79.51;97.98;97.04;97.68;96.98;99.1;95.95
10000;1000;30;45;45;25;0.5;1;lognormal;Model5;NA;NA;FALSE;100;99.98;100;100;100;100;100;100
10000;1000;30;45;45;25;0.5;1;mixed;Model1;NA;NA;FALSE;5.57;6.09;6.63;7.74;6.2;7.41;11.41;6.14
10000;1000;30;45;45;25;0.5;1;normal;Model5;NA;NA;FALSE;79.94;82.67;92.93;96.52;92.5;96.49;95.82;94.66
10000;1000;30;45;45;25;0.75;1;lognormal;Model1;NA;NA;FALSE;5.29;5.22;5.24;5.29;4.79;5.11;7.89;4.73
10000;1000;30;45;45;25;0.75;1;normal;Model3;NA;NA;FALSE;100;100;100;100;100;100;100;100
10000;1000;30;45;45;25;0.5;1;lognormal;Model4;NA;NA;FALSE;5.24;5.41;5.2;5.21;5.04;5.36;7.73;4.4
10000;1000;30;45;45;25;0.75;1;normal;Model1;NA;NA;FALSE;4.91;5.03;5.04;5.23;4.87;5.21;7.98;4.09
10000;1000;30;45;45;25;0.75;1;mixed;Model2;NA;NA;FALSE;70.86;97.34;95.54;99.93;94.23;99.93;99.18;99.8
10000;1000;30;45;45;25;0.5;1;lognormal;Model2;NA;NA;FALSE;98.88;99.4;100;100;100;100;100;100
10000;1000;30;45;45;25;0.5;1;mixed;Model6;NA;NA;FALSE;89.47;87.82;99.55;99.2;99.47;99.11;99.79;98.71
10000;1000;30;45;45;25;0.75;1;normal;Model5;NA;NA;FALSE;98.82;99.24;99.38;99.86;99.3;99.88;99.71;99.71
10000;1000;30;45;45;25;0.75;1;normal;Model7;NA;NA;FALSE;100;100;100;100;100;100;100;100
10000;1000;30;45;45;25;0.5;1;normal;Model2;NA;NA;FALSE;81.25;98.53;95.35;99.98;94.54;99.98;98.28;99.97
10000;1000;30;45;45;25;0.5;1;mixed;Model2;NA;NA;FALSE;62.75;87.08;93.61;99.51;91.84;99.47;97.83;99.23
10000;1000;30;45;45;25;0.5;1;lognormal;Model7;NA;NA;FALSE;100;100;100;100;100;100;100;100
10000;1000;30;45;45;25;0.75;1;mixed;Model3;NA;NA;FALSE;100;100;100;100;100;100;100;100
10000;1000;30;45;45;25;0.5;1;normal;Model1;NA;NA;FALSE;4.91;5.06;5.03;5.43;4.98;5.48;8.13;4.19
10000;1000;30;45;45;25;0.75;1;lognormal;Model5;NA;NA;FALSE;100;100;100;100;100;100;100;100
10000;1000;30;45;45;25;0.5;1;mixed;Model3;NA;NA;FALSE;99.99;100;100;100;100;100;100;100
10000;1000;30;45;45;25;0.5;1;normal;Model7;NA;NA;FALSE;99.84;100;100;100;100;100;100;100
10000;1000;30;45;45;50;0.5;1;normal;Model6;NA;NA;FALSE;91.7;98.14;98.86;99.99;98.86;99.99;99.62;99.96
10000;1000;30;45;45;50;0.5;1;mixed;Model7;NA;NA;FALSE;97.71;100;100;100;100;100;100;100
10000;1000;30;45;45;50;0.5;1;normal;Model7;NA;NA;FALSE;100;100;100;100;100;100;100;100
10000;1000;30;45;45;50;0.75;1;lognormal;Model7;NA;NA;FALSE;100;100;100;100;100;100;100;100
10000;1000;30;45;45;50;0.75;1;normal;Model5;NA;NA;FALSE;99.38;100;99.8;100;99.77;100;99.95;100
10000;1000;30;45;45;50;0.75;1;mixed;Model7;NA;NA;FALSE;95.15;100;100;100;100;100;100;100
10000;1000;30;45;45;50;0.5;1;normal;Model4;NA;NA;FALSE;4.91;5.06;4.64;4.97;4.68;5.06;7.91;2.88
10000;1000;30;45;45;50;0.5;1;lognormal;Model6;NA;NA;FALSE;100;100;100;100;100;100;100;100
10000;1000;30;45;45;50;0.75;1;normal;Model3;NA;NA;FALSE;100;100;100;100;100;100;100;100
10000;1000;30;45;45;50;0.5;1;mixed;Model3;NA;NA;FALSE;99.98;100;100;100;100;100;100;100
10000;1000;30;45;45;50;0.5;1;lognormal;Model2;NA;NA;FALSE;98.82;99.36;99.97;100;99.93;100;99.99;100
10000;1000;30;45;45;50;0.75;1;lognormal;Model4;NA;NA;FALSE;5.29;4.87;5.35;5.06;5.22;5.24;8.19;3.66
10000;1000;30;45;45;50;0.75;1;mixed;Model3;NA;NA;FALSE;100;100;100;100;100;100;100;100
10000;1000;30;45;45;50;0.5;1;lognormal;Model3;NA;NA;FALSE;100;100;100;100;100;100;100;100
10000;1000;30;45;45;50;0.75;1;normal;Model6;NA;NA;FALSE;99.92;100;100;100;99.99;100;100;100
10000;1000;30;45;45;50;0.5;1;normal;Model2;NA;NA;FALSE;80.57;98.06;94.66;100;93.62;100;98.08;99.98
10000;1000;30;45;45;50;0.5;1;lognormal;Model4;NA;NA;FALSE;5.37;4.99;5.32;5.07;5.08;5.17;8.33;3.61
10000;1000;30;45;45;50;0.75;1;normal;Model7;NA;NA;FALSE;100;100;100;100;100;100;100;100
10000;1000;30;45;45;50;0.75;1;lognormal;Model5;NA;NA;FALSE;100;100;100;100;100;100;100;100
10000;1000;30;45;45;50;0.75;1;lognormal;Model3;NA;NA;FALSE;100;100;100;100;100;100;100;100
10000;1000;30;45;45;50;0.75;1;normal;Model1;NA;NA;FALSE;5.06;5.03;4.69;5.09;4.7;4.99;7.58;3.18
10000;1000;30;45;45;50;0.75;1;lognormal;Model1;NA;NA;FALSE;5.35;4.94;5.11;5.13;4.77;5.05;8.21;3.94
10000;1000;30;45;45;50;0.5;1;mixed;Model2;NA;NA;FALSE;62.65;87.1;93.24;99.42;91.69;99.46;97.81;99.01
10000;1000;30;45;45;50;0.5;1;mixed;Model4;NA;NA;FALSE;5.18;4.85;4.76;5.09;4.56;4.98;8.78;3.05
10000;1000;30;45;45;50;0.5;1;lognormal;Model7;NA;NA;FALSE;100;100;100;100;100;100;100;100
10000;1000;30;45;45;50;0.75;1;normal;Model4;NA;NA;FALSE;5.06;5.03;4.69;5.09;4.65;5.06;7.63;2.92
10000;1000;30;45;45;50;0.75;1;lognormal;Model6;NA;NA;FALSE;100;100;100;100;100;100;100;100
10000;1000;30;45;45;50;0.5;1;normal;Model5;NA;NA;FALSE;82.94;95.46;95.71;99.86;95.42;99.89;97.98;99.65
10000;1000;30;45;45;50;0.5;1;mixed;Model5;NA;NA;FALSE;80.28;80.45;98.33;97.76;98.07;97.65;99.35;95.56
10000;1000;30;45;45;50;0.5;1;lognormal;Model1;NA;NA;FALSE;5.28;4.99;5.39;5.26;4.8;4.94;8.13;3.86
10000;1000;30;45;45;50;0.75;1;normal;Model2;NA;NA;FALSE;99.76;100;99.96;100;99.92;100;99.99;100
10000;1000;30;45;45;50;0.5;1;mixed;Model6;NA;NA;FALSE;90.63;88.95;99.78;99.42;99.75;99.39;99.93;98.73
10000;1000;30;45;45;50;0.75;1;mixed;Model1;NA;NA;FALSE;5.4;6.09;6.19;7.61;6.19;7.12;12.93;4.47
10000;1000;30;45;45;50;0.75;1;mixed;Model2;NA;NA;FALSE;69.86;97.55;95.3;99.88;93.87;99.9;99.33;99.65
10000;1000;30;45;45;50;0.5;1;normal;Model3;NA;NA;FALSE;100;100;100;100;100;100;100;100
10000;1000;30;45;45;50;0.5;1;mixed;Model1;NA;NA;FALSE;5.7;5.87;6.4;7.39;6.03;7.11;11.6;4.8
10000;1000;30;45;45;50;0.75;1;mixed;Model6;NA;NA;FALSE;94.64;97.61;99.88;99.91;99.84;99.88;99.98;99.56
10000;1000;30;45;45;50;0.5;1;normal;Model1;NA;NA;FALSE;4.91;5.06;4.64;4.97;4.65;5.13;7.82;3.19
10000;1000;30;45;45;50;0.5;1;lognormal;Model5;NA;NA;FALSE;100;100;100;100;100;100;100;100
10000;1000;30;45;45;50;0.75;1;mixed;Model4;NA;NA;FALSE;5.01;4.91;4.91;5.08;4.92;4.81;10.44;2.75
10000;1000;30;45;45;50;0.75;1;lognormal;Model2;NA;NA;FALSE;100;100;100;100;100;100;100;100
10000;1000;30;45;45;50;0.75;1;mixed;Model5;NA;NA;FALSE;85.21;92.75;98.82;99.18;98.64;99.15;99.67;97.84
10000;1000;30;45;45;100;0.5;1;mixed;Model3;NA;NA;FALSE;100;100;100;100;100;100;100;100
10000;1000;30;45;45;100;0.75;1;mixed;Model3;NA;NA;FALSE;100;100;100;100;100;100;100;100
10000;1000;30;45;45;100;0.5;1;normal;Model4;NA;NA;FALSE;4.99;5.04;5.2;5.04;5.06;4.92;8.24;2.2
10000;1000;30;45;45;100;0.5;1;mixed;Model2;NA;NA;FALSE;63.48;87.96;93.59;99.55;92.09;99.55;97.93;98.71
10000;1000;30;45;45;100;0.5;1;lognormal;Model7;NA;NA;FALSE;100;100;100;100;100;100;100;100
10000;1000;30;45;45;100;0.5;1;lognormal;Model4;NA;NA;FALSE;4.95;5.09;5.12;4.83;4.86;4.98;8.29;2.83
10000;1000;30;45;45;100;0.75;1;normal;Model2;NA;NA;FALSE;99.82;100;99.94;100;99.9;100;100;100
10000;1000;30;45;45;100;0.5;1;normal;Model6;NA;NA;FALSE;94.18;99.52;99.43;100;99.4;100;99.84;100
10000;1000;30;45;45;100;0.5;1;lognormal;Model2;NA;NA;FALSE;98.87;99.43;99.96;100;99.96;100;100;99.99
10000;1000;30;45;45;100;0.5;1;mixed;Model5;NA;NA;FALSE;81.21;81.09;98.31;97.61;98.05;97.56;99.27;94.11
10000;1000;30;45;45;100;0.75;1;mixed;Model5;NA;NA;FALSE;86.2;93.41;98.85;99.12;98.7;99.1;99.72;97.07
10000;1000;30;45;45;100;0.5;1;normal;Model1;NA;NA;FALSE;4.99;5.04;5.2;5.04;5.01;4.96;8.28;2.42
10000;1000;30;45;45;100;0.75;1;lognormal;Model2;NA;NA;FALSE;100;100;100;100;100;100;100;100
10000;1000;30;45;45;100;0.75;1;lognormal;Model5;NA;NA;FALSE;100;100;100;100;100;100;100;100
10000;1000;30;45;45;100;0.75;1;normal;Model1;NA;NA;FALSE;4.78;5.03;5.22;4.84;5.16;4.98;8.26;2.5
10000;1000;30;45;45;100;0.75;1;normal;Model7;NA;NA;FALSE;100;100;100;100;100;100;100;100
10000;1000;30;45;45;100;0.75;1;mixed;Model6;NA;NA;FALSE;94.61;97.47;99.95;99.86;99.92;99.88;100;99.24
10000;1000;30;45;45;100;0.75;1;lognormal;Model3;NA;NA;FALSE;100;100;100;100;100;100;100;100
10000;1000;30;45;45;100;0.75;1;normal;Model5;NA;NA;FALSE;99.76;100;99.93;100;99.9;100;99.96;100
10000;1000;30;45;45;100;0.5;1;lognormal;Model5;NA;NA;FALSE;100;99.99;100;100;100;100;100;100
10000;1000;30;45;45;100;0.75;1;normal;Model6;NA;NA;FALSE;99.99;100;100;100;100;100;100;100
10000;1000;30;45;45;100;0.5;1;normal;Model7;NA;NA;FALSE;100;100;100;100;100;100;100;100
10000;1000;30;45;45;100;0.75;1;lognormal;Model7;NA;NA;FALSE;100;100;100;100;100;100;100;100
10000;1000;30;45;45;100;0.5;1;lognormal;Model3;NA;NA;FALSE;100;100;100;100;100;100;100;100
10000;1000;30;45;45;100;0.75;1;lognormal;Model4;NA;NA;FALSE;5.05;5.04;5.1;4.83;4.89;5.14;8.22;2.77
10000;1000;30;45;45;100;0.75;1;mixed;Model1;NA;NA;FALSE;5.57;6.39;6.35;7.84;6.24;7.54;13.38;3.54
10000;1000;30;45;45;100;0.75;1;normal;Model3;NA;NA;FALSE;100;100;100;100;100;100;100;100
10000;1000;30;45;45;100;0.75;1;lognormal;Model1;NA;NA;FALSE;4.99;4.85;5.1;4.75;4.79;4.58;8.12;2.98
10000;1000;30;45;45;100;0.5;1;normal;Model2;NA;NA;FALSE;81.68;98.08;95.56;99.97;94.65;99.97;98.41;99.93
10000;1000;30;45;45;100;0.75;1;mixed;Model4;NA;NA;FALSE;4.98;5.08;5.04;4.82;5.06;4.72;11.06;1.89
10000;1000;30;45;45;100;0.75;1;normal;Model4;NA;NA;FALSE;4.78;5.03;5.22;4.84;5.24;4.94;8.21;2.18
10000;1000;30;45;45;100;0.75;1;mixed;Model7;NA;NA;FALSE;98.64;100;100;100;100;100;100;100
10000;1000;30;45;45;100;0.75;1;mixed;Model2;NA;NA;FALSE;70.92;97.82;95.58;99.97;94.32;99.96;99.4;99.59
10000;1000;30;45;45;100;0.5;1;normal;Model5;NA;NA;FALSE;86.35;98.59;96.64;99.99;96.42;99.99;98.48;99.94
10000;1000;30;45;45;100;0.5;1;mixed;Model7;NA;NA;FALSE;99.61;100;100;100;100;100;100;100
10000;1000;30;45;45;100;0.5;1;mixed;Model6;NA;NA;FALSE;90.97;89.43;99.88;99.56;99.84;99.58;99.98;98.02
10000;1000;30;45;45;100;0.5;1;lognormal;Model6;NA;NA;FALSE;100;100;100;100;100;100;100;100
10000;1000;30;45;45;100;0.75;1;lognormal;Model6;NA;NA;FALSE;100;100;100;100;100;100;100;100
10000;1000;30;45;45;100;0.5;1;normal;Model3;NA;NA;FALSE;100;100;100;100;100;100;100;100
10000;1000;30;45;45;100;0.5;1;lognormal;Model1;NA;NA;FALSE;5;4.99;5.08;4.8;4.66;4.76;8.18;2.83
10000;1000;30;45;45;100;0.5;1;mixed;Model4;NA;NA;FALSE;4.81;5.39;4.94;4.89;4.88;4.77;9.5;2.13
10000;1000;30;45;45;100;0.5;1;mixed;Model1;NA;NA;FALSE;5.8;6.52;6.89;7.89;6.47;7.62;12.33;3.98
10000;1000;300;450;450;25;0.5;1;normal;Model3;NA;NA;FALSE;100;100;100;100;100;100;100;100
10000;1000;300;450;450;25;0.5;1;normal;Model5;NA;NA;FALSE;100;100;100;100;100;100;100;100
10000;1000;300;450;450;25;0.75;1;normal;Model7;NA;NA;FALSE;100;100;100;100;100;100;100;100
10000;1000;300;450;450;25;0.75;1;mixed;Model5;NA;NA;FALSE;100;100;100;100;100;100;100;100
10000;1000;300;450;450;25;0.5;1;mixed;Model6;NA;NA;FALSE;100;100;100;100;100;100;100;100
10000;1000;300;450;450;25;0.75;1;normal;Model2;NA;NA;FALSE;100;100;100;100;100;100;100;100
10000;1000;300;450;450;25;0.5;1;normal;Model7;NA;NA;FALSE;100;100;100;100;100;100;100;100
10000;1000;300;450;450;25;0.75;1;normal;Model1;NA;NA;FALSE;5.2;5.13;5.07;5.04;5.25;4.96;7.51;3.99
10000;1000;300;450;450;25;0.5;1;lognormal;Model1;NA;NA;FALSE;5.24;5.13;5.27;5.19;5.22;5.15;7.66;4.53
10000;1000;300;450;450;25;0.5;1;normal;Model1;NA;NA;FALSE;5.15;5.23;5.2;5;5.22;5.05;7.88;3.94
10000;1000;300;450;450;25;0.5;1;lognormal;Model6;NA;NA;FALSE;100;100;100;100;100;100;100;100
10000;1000;300;450;450;25;0.75;1;mixed;Model1;NA;NA;FALSE;16.09;44.76;39.53;77.84;39.59;77.82;59.31;73.83
10000;1000;300;450;450;25;0.5;1;mixed;Model1;NA;NA;FALSE;20.98;39.68;43.45;76.7;43.3;76.87;56.92;73.95
10000;1000;300;450;450;25;0.75;1;normal;Model5;NA;NA;FALSE;100;100;100;100;100;100;100;100
10000;1000;300;450;450;25;0.5;1;mixed;Model4;NA;NA;FALSE;4.88;5.19;5.11;5.26;5.13;5.26;8.61;4.08
10000;1000;300;450;450;25;0.5;1;mixed;Model2;NA;NA;FALSE;100;100;100;100;100;100;100;100
10000;1000;300;450;450;25;0.5;1;mixed;Model7;NA;NA;FALSE;100;100;100;100;100;100;100;100
10000;1000;300;450;450;25;0.75;1;mixed;Model6;NA;NA;FALSE;100;100;100;100;100;100;100;100
10000;1000;300;450;450;25;0.5;1;normal;Model2;NA;NA;FALSE;100;100;100;100;100;100;100;100
10000;1000;300;450;450;25;0.5;1;lognormal;Model4;NA;NA;FALSE;5.25;5.23;5.21;5.15;5.15;5.18;7.81;4.52
10000;1000;300;450;450;25;0.75;1;mixed;Model4;NA;NA;FALSE;4.77;4.93;4.85;5.01;4.91;5.06;10.05;3.69
10000;1000;300;450;450;25;0.75;1;lognormal;Model2;NA;NA;FALSE;100;100;100;100;100;100;100;100
10000;1000;300;450;450;25;0.5;1;lognormal;Model2;NA;NA;FALSE;100;100;100;100;100;100;100;100
10000;1000;300;450;450;25;0.75;1;mixed;Model3;NA;NA;FALSE;100;100;100;100;100;100;100;100
10000;1000;300;450;450;25;0.5;1;mixed;Model5;NA;NA;FALSE;100;100;100;100;100;100;100;100
10000;1000;300;450;450;25;0.75;1;lognormal;Model6;NA;NA;FALSE;100;100;100;100;100;100;100;100
10000;1000;300;450;450;25;0.75;1;lognormal;Model5;NA;NA;FALSE;100;100;100;100;100;100;100;100
10000;1000;300;450;450;25;0.75;1;lognormal;Model1;NA;NA;FALSE;5.13;5.04;5.09;5.31;5.2;5.25;7.68;4.67
10000;1000;300;450;450;25;0.75;1;mixed;Model7;NA;NA;FALSE;100;100;100;100;100;100;100;100
10000;1000;300;450;450;25;0.5;1;lognormal;Model5;NA;NA;FALSE;100;100;100;100;100;100;100;100
10000;1000;300;450;450;25;0.5;1;lognormal;Model7;NA;NA;FALSE;100;100;100;100;100;100;100;100
10000;1000;300;450;450;25;0.5;1;mixed;Model3;NA;NA;FALSE;100;100;100;100;100;100;100;100
10000;1000;300;450;450;25;0.75;1;lognormal;Model3;NA;NA;FALSE;100;100;100;100;100;100;100;100
10000;1000;300;450;450;25;0.5;1;normal;Model4;NA;NA;FALSE;5.15;5.23;5.2;5;5.11;5.01;7.79;3.83
10000;1000;300;450;450;25;0.75;1;lognormal;Model7;NA;NA;FALSE;100;100;100;100;100;100;100;100
10000;1000;300;450;450;25;0.5;1;normal;Model6;NA;NA;FALSE;100;100;100;100;100;100;100;100
10000;1000;300;450;450;25;0.75;1;lognormal;Model4;NA;NA;FALSE;5.05;5.06;5.09;5.15;5.03;5.25;7.58;4.5
10000;1000;300;450;450;25;0.75;1;normal;Model4;NA;NA;FALSE;5.2;5.13;5.07;5.04;5.23;4.97;7.55;3.87
10000;1000;300;450;450;25;0.75;1;normal;Model6;NA;NA;FALSE;100;100;100;100;100;100;100;100
10000;1000;300;450;450;25;0.75;1;mixed;Model2;NA;NA;FALSE;100;100;100;100;100;100;100;100
10000;1000;300;450;450;25;0.75;1;normal;Model3;NA;NA;FALSE;100;100;100;100;100;100;100;100
10000;1000;300;450;450;25;0.5;1;lognormal;Model3;NA;NA;FALSE;100;100;100;100;100;100;100;100
10000;1000;40;60;60;25;0.5;1;mixed;Model7;NA;NA;FALSE;92.97;100;100;100;100;100;100;100
10000;1000;40;60;60;25;0.5;1;normal;Model3;NA;NA;FALSE;100;100;100;100;100;100;100;100
10000;1000;40;60;60;25;0.75;1;normal;Model5;NA;NA;FALSE;99.91;99.94;99.98;99.99;99.98;99.99;99.99;99.99
10000;1000;40;60;60;25;0.5;1;normal;Model4;NA;NA;FALSE;5.19;5.18;5.07;4.94;5.05;5.03;7.49;3.75
10000;1000;40;60;60;25;0.75;1;mixed;Model1;NA;NA;FALSE;5.82;7.18;7.15;9.33;7.03;9.14;14;6.9
10000;1000;40;60;60;25;0.75;1;lognormal;Model5;NA;NA;FALSE;100;100;100;100;100;100;100;100
10000;1000;40;60;60;25;0.75;1;normal;Model7;NA;NA;FALSE;100;100;100;100;100;100;100;100
10000;1000;40;60;60;25;0.75;1;lognormal;Model1;NA;NA;FALSE;5.6;5.55;5.51;5.36;5.18;5.23;7.77;4.56
10000;1000;40;60;60;25;0.5;1;lognormal;Model3;NA;NA;FALSE;100;100;100;100;100;100;100;100
10000;1000;40;60;60;25;0.5;1;lognormal;Model2;NA;NA;FALSE;99.91;99.96;100;100;100;100;100;100
10000;1000;40;60;60;25;0.75;1;mixed;Model6;NA;NA;FALSE;98.79;99.69;100;100;100;99.99;100;99.98
10000;1000;40;60;60;25;0.5;1;lognormal;Model1;NA;NA;FALSE;5.61;5.57;5.39;5.16;5.05;5.18;7.81;4.45
10000;1000;40;60;60;25;0.5;1;normal;Model2;NA;NA;FALSE;95.75;99.96;99.76;100;99.66;100;99.97;100
10000;1000;40;60;60;25;0.75;1;normal;Model4;NA;NA;FALSE;5.27;5.26;5.09;5.08;4.93;5.06;7.42;3.84
10000;1000;40;60;60;25;0.75;1;normal;Model2;NA;NA;FALSE;100;100;100;100;100;100;100;100
10000;1000;40;60;60;25;0.5;1;lognormal;Model6;NA;NA;FALSE;100;100;100;100;100;100;100;100
10000;1000;40;60;60;25;0.5;1;mixed;Model3;NA;NA;FALSE;100;100;100;100;100;100;100;100
10000;1000;40;60;60;25;0.75;1;lognormal;Model4;NA;NA;FALSE;5.35;5.42;5.43;5.04;5.25;5.23;7.93;4.31
10000;1000;40;60;60;25;0.5;1;mixed;Model2;NA;NA;FALSE;82.87;97.11;99.5;99.99;99.28;99.99;99.91;99.98
10000;1000;40;60;60;25;0.75;1;normal;Model1;NA;NA;FALSE;5.27;5.26;5.09;5.08;4.86;5.08;7.47;4.02
10000;1000;40;60;60;25;0.5;1;lognormal;Model4;NA;NA;FALSE;5.48;5.28;5.38;5.14;5.25;5.2;7.88;4.55
10000;1000;40;60;60;25;0.5;1;normal;Model7;NA;NA;FALSE;100;100;100;100;100;100;100;100
10000;1000;40;60;60;25;0.75;1;normal;Model3;NA;NA;FALSE;100;100;100;100;100;100;100;100
10000;1000;40;60;60;25;0.5;1;lognormal;Model7;NA;NA;FALSE;100;100;100;100;100;100;100;100
10000;1000;40;60;60;25;0.5;1;mixed;Model5;NA;NA;FALSE;91.5;91.51;99.74;99.66;99.75;99.65;99.89;99.52
10000;1000;40;60;60;25;0.75;1;mixed;Model2;NA;NA;FALSE;90.33;99.85;99.79;100;99.68;100;99.99;100
10000;1000;40;60;60;25;0.75;1;lognormal;Model7;NA;NA;FALSE;100;100;100;100;100;100;100;100
10000;1000;40;60;60;25;0.75;1;lognormal;Model3;NA;NA;FALSE;100;100;100;100;100;100;100;100
10000;1000;40;60;60;25;0.75;1;normal;Model6;NA;NA;FALSE;99.98;100;100;100;100;100;100;100
10000;1000;40;60;60;25;0.5;1;mixed;Model4;NA;NA;FALSE;5.31;5.23;5.02;5.23;4.92;5.04;9.1;3.99
10000;1000;40;60;60;25;0.5;1;normal;Model1;NA;NA;FALSE;5.19;5.18;5.07;4.94;4.99;5.04;7.57;3.97
10000;1000;40;60;60;25;0.5;1;mixed;Model6;NA;NA;FALSE;96.99;96.6;99.99;99.97;99.99;99.97;100;99.95
10000;1000;40;60;60;25;0.75;1;mixed;Model7;NA;NA;FALSE;90.36;100;100;100;100;100;100;100
10000;1000;40;60;60;25;0.5;1;normal;Model5;NA;NA;FALSE;91.01;94.46;98.35;99.62;98.34;99.66;99.12;99.34
10000;1000;40;60;60;25;0.75;1;lognormal;Model6;NA;NA;FALSE;100;100;100;100;100;100;100;100
10000;1000;40;60;60;25;0.75;1;mixed;Model3;NA;NA;FALSE;100;100;100;100;100;100;100;100
10000;1000;40;60;60;25;0.5;1;lognormal;Model5;NA;NA;FALSE;100;100;100;100;100;100;100;100
10000;1000;40;60;60;25;0.5;1;normal;Model6;NA;NA;FALSE;96.46;97.74;99.81;99.97;99.82;99.96;99.93;99.93
10000;1000;40;60;60;25;0.5;1;mixed;Model1;NA;NA;FALSE;6.36;7.28;7.7;9.27;7.42;8.95;12.93;7.46
10000;1000;40;60;60;25;0.75;1;mixed;Model4;NA;NA;FALSE;5.09;5.22;5.24;5.26;5.13;5.19;10.48;3.8
10000;1000;40;60;60;25;0.75;1;mixed;Model5;NA;NA;FALSE;94.64;98.25;99.9;99.94;99.88;99.95;99.96;99.89
10000;1000;40;60;60;25;0.75;1;lognormal;Model2;NA;NA;FALSE;100;100;100;100;100;100;100;100
10000;1000;40;60;60;50;0.75;1;lognormal;Model7;NA;NA;FALSE;100;100;100;100;100;100;100;100
10000;1000;40;60;60;50;0.5;1;mixed;Model7;NA;NA;FALSE;99.95;100;100;100;100;100;100;100
10000;1000;40;60;60;50;0.75;1;lognormal;Model2;NA;NA;FALSE;100;100;100;100;100;100;100;100
10000;1000;40;60;60;50;0.75;1;normal;Model6;NA;NA;FALSE;100;100;100;100;100;100;100;100
10000;1000;40;60;60;50;0.75;1;mixed;Model5;NA;NA;FALSE;95.75;99.09;99.85;99.95;99.86;99.95;99.98;99.82
10000;1000;40;60;60;50;0.75;1;normal;Model5;NA;NA;FALSE;99.98;100;99.99;100;99.98;100;100;100
10000;1000;40;60;60;50;0.75;1;mixed;Model2;NA;NA;FALSE;90.35;99.9;99.84;100;99.8;100;99.99;100
10000;1000;40;60;60;50;0.5;1;lognormal;Model7;NA;NA;FALSE;100;100;100;100;100;100;100;100
10000;1000;40;60;60;50;0.75;1;normal;Model4;NA;NA;FALSE;4.8;5.25;4.96;5.33;4.93;5.37;7.89;3.19
10000;1000;40;60;60;50;0.5;1;lognormal;Model4;NA;NA;FALSE;5.56;5.3;5.15;5.22;5.07;5.32;8.2;3.81
10000;1000;40;60;60;50;0.75;1;normal;Model2;NA;NA;FALSE;100;100;100;100;100;100;100;100
10000;1000;40;60;60;50;0.75;1;mixed;Model6;NA;NA;FALSE;99.01;99.83;100;99.99;100;99.99;100;99.98
10000;1000;40;60;60;50;0.75;1;mixed;Model7;NA;NA;FALSE;99.82;100;100;100;100;100;100;100
10000;1000;40;60;60;50;0.75;1;lognormal;Model4;NA;NA;FALSE;5.27;5.18;5.12;5.24;4.84;5.36;7.99;3.77
10000;1000;40;60;60;50;0.5;1;normal;Model2;NA;NA;FALSE;95.51;99.92;99.67;100;99.63;100;99.97;100
10000;1000;40;60;60;50;0.5;1;lognormal;Model3;NA;NA;FALSE;100;100;100;100;100;100;100;100
10000;1000;40;60;60;50;0.75;1;normal;Model1;NA;NA;FALSE;4.8;5.25;4.96;5.33;4.96;5.33;7.93;3.46
10000;1000;40;60;60;50;0.5;1;mixed;Model2;NA;NA;FALSE;83.03;97.54;99.57;100;99.41;99.98;99.93;99.97
10000;1000;40;60;60;50;0.75;1;mixed;Model4;NA;NA;FALSE;5.07;5.19;5.1;5.3;5.06;5.28;10.99;2.94
10000;1000;40;60;60;50;0.75;1;mixed;Model1;NA;NA;FALSE;5.72;7.1;6.79;9.09;6.64;9.03;14.17;5.57
10000;1000;40;60;60;50;0.5;1;mixed;Model5;NA;NA;FALSE;92.3;93.06;99.76;99.67;99.74;99.67;99.88;99.34
10000;1000;40;60;60;50;0.75;1;normal;Model3;NA;NA;FALSE;100;100;100;100;100;100;100;100
10000;1000;40;60;60;50;0.75;1;lognormal;Model5;NA;NA;FALSE;100;100;100;100;100;100;100;100
10000;1000;40;60;60;50;0.5;1;lognormal;Model6;NA;NA;FALSE;100;100;100;100;100;100;100;100
10000;1000;40;60;60;50;0.75;1;lognormal;Model6;NA;NA;FALSE;100;100;100;100;100;100;100;100
10000;1000;40;60;60;50;0.75;1;mixed;Model3;NA;NA;FALSE;100;100;100;100;100;100;100;100
10000;1000;40;60;60;50;0.5;1;mixed;Model6;NA;NA;FALSE;97.47;97.29;99.97;99.96;99.97;99.95;99.99;99.91
10000;1000;40;60;60;50;0.5;1;normal;Model6;NA;NA;FALSE;98.35;99.89;99.89;100;99.88;100;99.95;100
10000;1000;40;60;60;50;0.5;1;mixed;Model3;NA;NA;FALSE;100;100;100;100;100;100;100;100
10000;1000;40;60;60;50;0.5;1;normal;Model3;NA;NA;FALSE;100;100;100;100;100;100;100;100
10000;1000;40;60;60;50;0.5;1;lognormal;Model2;NA;NA;FALSE;99.91;99.99;100;100;100;100;100;100
10000;1000;40;60;60;50;0.5;1;normal;Model5;NA;NA;FALSE;95.02;99.42;99.26;100;99.23;100;99.84;99.99
10000;1000;40;60;60;50;0.5;1;normal;Model1;NA;NA;FALSE;4.93;5.45;4.83;5.28;4.94;5.4;8.09;3.31
10000;1000;40;60;60;50;0.75;1;normal;Model7;NA;NA;FALSE;100;100;100;100;100;100;100;100
10000;1000;40;60;60;50;0.5;1;mixed;Model1;NA;NA;FALSE;6.41;6.9;7.32;8.96;7;8.82;13.05;6.14
10000;1000;40;60;60;50;0.5;1;lognormal;Model5;NA;NA;FALSE;100;100;100;100;100;100;100;100
10000;1000;40;60;60;50;0.5;1;normal;Model4;NA;NA;FALSE;4.93;5.45;4.83;5.28;5.02;5.44;8.08;3.07
10000;1000;40;60;60;50;0.5;1;normal;Model7;NA;NA;FALSE;100;100;100;100;100;100;100;100
10000;1000;40;60;60;50;0.75;1;lognormal;Model3;NA;NA;FALSE;100;100;100;100;100;100;100;100
10000;1000;40;60;60;50;0.5;1;lognormal;Model1;NA;NA;FALSE;5.37;5.16;5.36;5.15;4.86;4.77;8.17;3.75
10000;1000;40;60;60;50;0.5;1;mixed;Model4;NA;NA;FALSE;5.19;5.33;5.11;5.15;4.99;5.15;9.47;3.26
10000;1000;40;60;60;50;0.75;1;lognormal;Model1;NA;NA;FALSE;5.31;5.35;5.02;5.1;4.71;5;7.87;3.86
10000;1000;40;60;60;100;0.75;1;lognormal;Model7;NA;NA;FALSE;100;100;100;100;100;100;100;100
10000;1000;40;60;60;100;0.5;1;mixed;Model6;NA;NA;FALSE;97.12;97.05;99.99;99.97;99.99;99.97;99.99;99.85
10000;1000;40;60;60;100;0.75;1;normal;Model4;NA;NA;FALSE;4.94;4.78;5.05;5.08;5.05;5.13;7.94;2.23
10000;1000;40;60;60;100;0.75;1;lognormal;Model2;NA;NA;FALSE;100;100;100;100;100;100;100;100
10000;1000;40;60;60;100;0.5;1;normal;Model1;NA;NA;FALSE;5.22;4.95;5.09;4.99;4.88;4.93;8;2.51
10000;1000;40;60;60;100;0.5;1;lognormal;Model3;NA;NA;FALSE;100;100;100;100;100;100;100;100
10000;1000;40;60;60;100;0.75;1;normal;Model6;NA;NA;FALSE;100;100;100;100;100;100;100;100
10000;1000;40;60;60;100;0.5;1;mixed;Model2;NA;NA;FALSE;83.44;97.5;99.39;99.99;99.24;99.99;99.88;99.93
10000;1000;40;60;60;100;0.75;1;mixed;Model2;NA;NA;FALSE;90.21;99.88;99.74;100;99.63;100;99.98;100
10000;1000;40;60;60;100;0.5;1;mixed;Model1;NA;NA;FALSE;6.14;6.88;7.59;9.3;7.29;8.89;13.49;4.74
10000;1000;40;60;60;100;0.75;1;normal;Model3;NA;NA;FALSE;100;100;100;100;100;100;100;100
10000;1000;40;60;60;100;0.5;1;lognormal;Model4;NA;NA;FALSE;5.02;5.03;4.85;5.26;4.73;5.15;7.72;2.94
10000;1000;40;60;60;100;0.75;1;lognormal;Model6;NA;NA;FALSE;100;100;100;100;100;100;100;100
10000;1000;40;60;60;100;0.5;1;mixed;Model5;NA;NA;FALSE;92.21;92.76;99.8;99.77;99.79;99.78;99.97;99.29
10000;1000;40;60;60;100;0.75;1;normal;Model1;NA;NA;FALSE;4.94;4.78;5.05;5.08;4.99;5.17;7.97;2.44
10000;1000;40;60;60;100;0.5;1;lognormal;Model7;NA;NA;FALSE;100;100;100;100;100;100;100;100
10000;1000;40;60;60;100;0.75;1;lognormal;Model1;NA;NA;FALSE;4.83;4.62;4.81;4.98;4.65;4.92;7.61;3
10000;1000;40;60;60;100;0.5;1;normal;Model5;NA;NA;FALSE;95.71;99.94;99.66;100;99.66;100;99.9;100
10000;1000;40;60;60;100;0.5;1;lognormal;Model1;NA;NA;FALSE;5.09;5.04;4.95;5.15;4.46;4.89;7.7;2.99
10000;1000;40;60;60;100;0.5;1;normal;Model3;NA;NA;FALSE;100;100;100;100;100;100;100;100
10000;1000;40;60;60;100;0.75;1;mixed;Model4;NA;NA;FALSE;5.2;5.2;5.45;5.11;5.41;5.07;11.43;2.1
10000;1000;40;60;60;100;0.5;1;lognormal;Model2;NA;NA;FALSE;99.98;100;100;100;100;100;100;100
10000;1000;40;60;60;100;0.5;1;normal;Model4;NA;NA;FALSE;5.22;4.95;5.09;4.99;5.03;4.98;8.04;2.26
10000;1000;40;60;60;100;0.75;1;mixed;Model3;NA;NA;FALSE;100;100;100;100;100;100;100;100
10000;1000;40;60;60;100;0.5;1;normal;Model6;NA;NA;FALSE;98.93;100;99.99;100;99.97;100;100;100
10000;1000;40;60;60;100;0.75;1;normal;Model7;NA;NA;FALSE;100;100;100;100;100;100;100;100
10000;1000;40;60;60;100;0.75;1;lognormal;Model4;NA;NA;FALSE;4.97;4.98;4.81;5.17;4.69;5.08;7.81;2.88
10000;1000;40;60;60;100;0.5;1;lognormal;Model6;NA;NA;FALSE;100;100;100;100;100;100;100;100
10000;1000;40;60;60;100;0.5;1;normal;Model2;NA;NA;FALSE;95.58;99.87;99.67;100;99.6;100;99.94;100
10000;1000;40;60;60;100;0.75;1;lognormal;Model5;NA;NA;FALSE;100;100;100;100;100;100;100;100
10000;1000;40;60;60;100;0.75;1;normal;Model2;NA;NA;FALSE;100;100;100;100;100;100;100;100
10000;1000;40;60;60;100;0.5;1;normal;Model7;NA;NA;FALSE;100;100;100;100;100;100;100;100
10000;1000;40;60;60;100;0.75;1;mixed;Model7;NA;NA;FALSE;99.99;100;100;100;100;100;100;100
10000;1000;40;60;60;100;0.5;1;mixed;Model4;NA;NA;FALSE;5.07;5.16;5.32;5.31;5.17;5.13;9.75;2.26
10000;1000;40;60;60;100;0.75;1;mixed;Model1;NA;NA;FALSE;5.81;7.25;7.27;9.2;7.12;9.04;14.64;4.3
10000;1000;40;60;60;100;0.5;1;lognormal;Model5;NA;NA;FALSE;100;100;100;100;100;100;100;100
10000;1000;40;60;60;100;0.75;1;mixed;Model5;NA;NA;FALSE;95.73;98.93;99.92;99.96;99.91;99.97;99.99;99.8
10000;1000;40;60;60;100;0.75;1;normal;Model5;NA;NA;FALSE;100;100;100;100;100;100;100;100
10000;1000;40;60;60;100;0.5;1;mixed;Model3;NA;NA;FALSE;100;100;100;100;100;100;100;100
10000;1000;40;60;60;100;0.5;1;mixed;Model7;NA;NA;FALSE;100;100;100;100;100;100;100;100
10000;1000;40;60;60;100;0.75;1;lognormal;Model3;NA;NA;FALSE;100;100;100;100;100;100;100;100
10000;1000;40;60;60;100;0.75;1;mixed;Model6;NA;NA;FALSE;98.94;99.8;100;100;100;100;100;99.97
10000;1000;400;600;600;25;0.5;1;normal;Model4;NA;NA;FALSE;5.41;5.37;5.5;4.95;5.51;4.91;8.01;3.77
10000;1000;400;600;600;25;0.5;1;mixed;Model4;NA;NA;FALSE;5.54;5.39;6.07;5.73;5.96;5.73;9.86;4.6
10000;1000;400;600;600;25;0.75;1;mixed;Model3;NA;NA;FALSE;100;100;100;100;100;100;100;100
10000;1000;400;600;600;25;0.75;1;normal;Model7;NA;NA;FALSE;100;100;100;100;100;100;100;100
10000;1000;400;600;600;25;0.75;1;normal;Model1;NA;NA;FALSE;5.41;5.12;5.55;5.08;5.56;5.09;8.03;3.97
10000;1000;400;600;600;25;0.5;1;normal;Model3;NA;NA;FALSE;100;100;100;100;100;100;100;100
10000;1000;400;600;600;25;0.5;1;mixed;Model7;NA;NA;FALSE;100;100;100;100;100;100;100;100
10000;1000;400;600;600;25;0.75;1;normal;Model5;NA;NA;FALSE;100;100;100;100;100;100;100;100
10000;1000;400;600;600;25;0.5;1;normal;Model1;NA;NA;FALSE;5.41;5.37;5.5;4.95;5.52;5.01;8.02;3.81
10000;1000;400;600;600;25;0.5;1;normal;Model7;NA;NA;FALSE;100;100;100;100;100;100;100;100
10000;1000;400;600;600;25;0.75;1;normal;Model6;NA;NA;FALSE;100;100;100;100;100;100;100;100
10000;1000;400;600;600;25;0.5;1;mixed;Model3;NA;NA;FALSE;100;100;100;100;100;100;100;100
10000;1000;400;600;600;25;0.75;1;normal;Model2;NA;NA;FALSE;100;100;100;100;100;100;100;100
10000;1000;400;600;600;25;0.75;1;normal;Model3;NA;NA;FALSE;100;100;100;100;100;100;100;100
10000;1000;400;600;600;25;0.75;1;normal;Model4;NA;NA;FALSE;5.41;5.12;5.55;5.08;5.51;5.12;8;3.91
10000;1000;400;600;600;25;0.75;1;mixed;Model1;NA;NA;FALSE;25.73;60.71;58.24;91.19;57.88;91.23;76.69;89.06
10000;1000;400;600;600;25;0.5;1;normal;Model5;NA;NA;FALSE;100;100;100;100;100;100;100;100
10000;1000;400;600;600;25;0.5;1;mixed;Model2;NA;NA;FALSE;100;100;100;100;100;100;100;100
10000;1000;400;600;600;25;0.5;1;mixed;Model5;NA;NA;FALSE;100;100;100;100;100;100;100;100
10000;1000;400;600;600;25;0.75;1;mixed;Model6;NA;NA;FALSE;100;100;100;100;100;100;100;100
10000;1000;400;600;600;25;0.5;1;lognormal;Model7;NA;NA;FALSE;100;100;100;100;100;100;100;100
10000;1000;400;600;600;25;0.5;1;normal;Model6;NA;NA;FALSE;100;100;100;100;100;100;100;100
10000;1000;400;600;600;25;0.5;1;mixed;Model6;NA;NA;FALSE;100;100;100;100;100;100;100;100
10000;1000;400;600;600;25;0.5;1;mixed;Model1;NA;NA;FALSE;31.75;54.08;61.2;90.11;61.11;90.23;72.92;88.73
10000;1000;400;600;600;25;0.75;1;mixed;Model7;NA;NA;FALSE;100;100;100;100;100;100;100;100
10000;1000;400;600;600;25;0.75;1;lognormal;Model1;NA;NA;FALSE;5.38;5.15;5.51;5.33;5.53;5.51;7.86;4.78
10000;1000;400;600;600;25;0.75;1;lognormal;Model7;NA;NA;FALSE;100;100;100;100;100;100;100;100
10000;1000;400;600;600;25;0.5;1;normal;Model2;NA;NA;FALSE;100;100;100;100;100;100;100;100
10000;1000;400;600;600;25;0.5;1;lognormal;Model4;NA;NA;FALSE;5.4;5.39;5.58;5.47;5.56;5.48;8.15;4.85
10000;1000;400;600;600;25;0.75;1;mixed;Model4;NA;NA;FALSE;5.6;5.67;5.88;5.77;5.96;5.81;11.45;4.43
10000;1000;400;600;600;25;0.75;1;lognormal;Model4;NA;NA;FALSE;5.47;5.37;5.49;5.49;5.47;5.5;7.95;4.86
10000;1000;400;600;600;25;0.75;1;lognormal;Model5;NA;NA;FALSE;100;100;100;100;100;100;100;100
10000;1000;400;600;600;25;0.5;1;lognormal;Model2;NA;NA;FALSE;100;100;100;100;100;100;100;100
10000;1000;400;600;600;25;0.5;1;lognormal;Model3;NA;NA;FALSE;100;100;100;100;100;100;100;100
10000;1000;400;600;600;25;0.75;1;mixed;Model2;NA;NA;FALSE;100;100;100;100;100;100;100;100
10000;1000;400;600;600;25;0.5;1;lognormal;Model6;NA;NA;FALSE;100;100;100;100;100;100;100;100
10000;1000;400;600;600;25;0.5;1;lognormal;Model5;NA;NA;FALSE;100;100;100;100;100;100;100;100
10000;1000;400;600;600;25;0.75;1;mixed;Model5;NA;NA;FALSE;100;100;100;100;100;100;100;100
10000;1000;400;600;600;25;0.75;1;lognormal;Model3;NA;NA;FALSE;100;100;100;100;100;100;100;100
10000;1000;400;600;600;25;0.75;1;lognormal;Model2;NA;NA;FALSE;100;100;100;100;100;100;100;100
10000;1000;400;600;600;25;0.5;1;lognormal;Model1;NA;NA;FALSE;5.39;5.08;5.59;5.45;5.65;5.48;7.96;4.83
10000;1000;400;600;600;25;0.75;1;lognormal;Model6;NA;NA;FALSE;100;100;100;100;100;100;100;100
10000;1000;50;75;75;25;0.75;1;normal;Model5;NA;NA;FALSE;99.99;100;100;100;100;100;100;100
10000;1000;50;75;75;25;0.75;1;normal;Model6;NA;NA;FALSE;100;100;100;100;100;100;100;100
10000;1000;50;75;75;25;0.5;1;normal;Model4;NA;NA;FALSE;5.21;5.37;5.2;5.01;5.16;5.24;7.93;3.78
10000;1000;50;75;75;25;0.5;1;mixed;Model5;NA;NA;FALSE;96.92;97.14;99.98;99.99;99.98;99.99;99.98;99.98
10000;1000;50;75;75;25;0.75;1;normal;Model4;NA;NA;FALSE;5.15;5.33;5.1;5.14;5.25;5.14;7.98;3.72
10000;1000;50;75;75;25;0.75;1;mixed;Model5;NA;NA;FALSE;98.68;99.85;99.99;99.99;99.99;99.99;100;99.99
10000;1000;50;75;75;25;0.75;1;mixed;Model1;NA;NA;FALSE;6.16;8.23;7.89;10.83;7.8;10.49;15.63;8.42
10000;1000;50;75;75;25;0.5;1;normal;Model7;NA;NA;FALSE;100;100;100;100;100;100;100;100
10000;1000;50;75;75;25;0.75;1;normal;Model7;NA;NA;FALSE;100;100;100;100;100;100;100;100
10000;1000;50;75;75;25;0.5;1;normal;Model6;NA;NA;FALSE;99.19;99.66;99.98;100;99.98;100;100;100
10000;1000;50;75;75;25;0.75;1;mixed;Model6;NA;NA;FALSE;99.87;99.99;100;100;100;100;100;100
10000;1000;50;75;75;25;0.75;1;mixed;Model3;NA;NA;FALSE;100;100;100;100;100;100;100;100
10000;1000;50;75;75;25;0.5;1;mixed;Model6;NA;NA;FALSE;99.31;99.22;100;100;100;99.99;100;99.99
10000;1000;50;75;75;25;0.5;1;normal;Model2;NA;NA;FALSE;99.32;100;100;100;99.98;100;100;100
10000;1000;50;75;75;25;0.5;1;normal;Model5;NA;NA;FALSE;96.96;98.37;99.74;99.96;99.74;99.96;99.89;99.94
10000;1000;50;75;75;25;0.5;1;mixed;Model3;NA;NA;FALSE;100;100;100;100;100;100;100;100
10000;1000;50;75;75;25;0.5;1;normal;Model3;NA;NA;FALSE;100;100;100;100;100;100;100;100
10000;1000;50;75;75;25;0.75;1;mixed;Model2;NA;NA;FALSE;97.98;99.98;100;100;100;100;100;100
10000;1000;50;75;75;25;0.75;1;lognormal;Model2;NA;NA;FALSE;100;100;100;100;100;100;100;100
10000;1000;50;75;75;25;0.75;1;mixed;Model7;NA;NA;FALSE;98.28;100;100;100;100;100;100;100
10000;1000;50;75;75;25;0.75;1;normal;Model1;NA;NA;FALSE;5.15;5.33;5.1;5.14;5.24;5.09;8.04;3.77
10000;1000;50;75;75;25;0.5;1;mixed;Model7;NA;NA;FALSE;99;100;100;100;100;100;100;100
10000;1000;50;75;75;25;0.5;1;lognormal;Model2;NA;NA;FALSE;99.99;100;100;100;100;100;100;100
10000;1000;50;75;75;25;0.75;1;lognormal;Model4;NA;NA;FALSE;5.11;4.7;4.91;4.97;4.77;5.14;7.21;4.3
10000;1000;50;75;75;25;0.75;1;lognormal;Model7;NA;NA;FALSE;100;100;100;100;100;100;100;100
10000;1000;50;75;75;25;0.75;1;lognormal;Model1;NA;NA;FALSE;4.98;4.89;4.79;4.92;4.63;4.95;7.19;4.34
10000;1000;50;75;75;25;0.5;1;mixed;Model2;NA;NA;FALSE;94.47;99.43;99.98;100;99.98;100;100;100
10000;1000;50;75;75;25;0.75;1;normal;Model2;NA;NA;FALSE;100;100;100;100;100;100;100;100
10000;1000;50;75;75;25;0.5;1;lognormal;Model3;NA;NA;FALSE;100;100;100;100;100;100;100;100
10000;1000;50;75;75;25;0.75;1;normal;Model3;NA;NA;FALSE;100;100;100;100;100;100;100;100
10000;1000;50;75;75;25;0.5;1;mixed;Model1;NA;NA;FALSE;6.66;7.86;8.84;10.89;8.53;10.62;14.33;8.76
10000;1000;50;75;75;25;0.5;1;normal;Model1;NA;NA;FALSE;5.21;5.37;5.2;5.01;5.1;5.1;7.89;3.9
10000;1000;50;75;75;25;0.5;1;lognormal;Model6;NA;NA;FALSE;100;100;100;100;100;100;100;100
10000;1000;50;75;75;25;0.75;1;lognormal;Model6;NA;NA;FALSE;100;100;100;100;100;100;100;100
10000;1000;50;75;75;25;0.75;1;mixed;Model4;NA;NA;FALSE;5.06;5.36;5.19;5.52;5.33;5.31;10.84;3.62
10000;1000;50;75;75;25;0.5;1;lognormal;Model7;NA;NA;FALSE;100;100;100;100;100;100;100;100
10000;1000;50;75;75;25;0.75;1;lognormal;Model5;NA;NA;FALSE;100;100;100;100;100;100;100;100
10000;1000;50;75;75;25;0.5;1;lognormal;Model4;NA;NA;FALSE;5.31;4.68;4.89;5.07;4.72;4.97;7.22;4.26
10000;1000;50;75;75;25;0.5;1;lognormal;Model5;NA;NA;FALSE;100;100;100;100;100;100;100;100
10000;1000;50;75;75;25;0.75;1;lognormal;Model3;NA;NA;FALSE;100;100;100;100;100;100;100;100
10000;1000;50;75;75;25;0.5;1;lognormal;Model1;NA;NA;FALSE;4.87;4.9;4.89;5.16;4.8;4.96;7.19;4.31
10000;1000;50;75;75;25;0.5;1;mixed;Model4;NA;NA;FALSE;4.95;5.31;5.32;5.46;5.25;5.45;9.26;4.28
10000;1000;50;75;75;50;0.5;1;normal;Model5;NA;NA;FALSE;98.67;99.97;99.97;100;99.96;100;99.99;100
10000;1000;50;75;75;50;0.75;1;mixed;Model4;NA;NA;FALSE;5.13;5.08;5.04;5.23;4.97;5;10.5;2.89
10000;1000;50;75;75;50;0.5;1;normal;Model4;NA;NA;FALSE;4.78;5.12;4.83;4.62;4.83;4.6;7.83;2.87
10000;1000;50;75;75;50;0.75;1;mixed;Model7;NA;NA;FALSE;100;100;100;100;100;100;100;100
10000;1000;50;75;75;50;0.5;1;normal;Model3;NA;NA;FALSE;100;100;100;100;100;100;100;100
10000;1000;50;75;75;50;0.75;1;mixed;Model2;NA;NA;FALSE;97.94;100;99.99;100;100;100;100;100
10000;1000;50;75;75;50;0.75;1;normal;Model7;NA;NA;FALSE;100;100;100;100;100;100;100;100
10000;1000;50;75;75;50;0.5;1;mixed;Model7;NA;NA;FALSE;100;100;100;100;100;100;100;100
10000;1000;50;75;75;50;0.75;1;normal;Model2;NA;NA;FALSE;100;100;100;100;100;100;100;100
10000;1000;50;75;75;50;0.75;1;normal;Model3;NA;NA;FALSE;100;100;100;100;100;100;100;100
10000;1000;50;75;75;50;0.5;1;lognormal;Model7;NA;NA;FALSE;100;100;100;100;100;100;100;100
10000;1000;50;75;75;50;0.75;1;mixed;Model5;NA;NA;FALSE;98.92;99.91;100;100;100;100;100;100
10000;1000;50;75;75;50;0.5;1;mixed;Model2;NA;NA;FALSE;94.54;99.67;99.97;100;99.95;100;100;100
10000;1000;50;75;75;50;0.5;1;lognormal;Model4;NA;NA;FALSE;5.16;5.37;5.11;5.37;4.99;5.49;7.83;3.89
10000;1000;50;75;75;50;0.5;1;lognormal;Model1;NA;NA;FALSE;5.18;5.24;4.72;5.3;4.4;5.22;7.67;4.03
10000;1000;50;75;75;50;0.75;1;lognormal;Model1;NA;NA;FALSE;5.16;5.07;5.06;5.22;4.74;5.03;7.87;3.9
10000;1000;50;75;75;50;0.75;1;lognormal;Model2;NA;NA;FALSE;100;100;100;100;100;100;100;100
10000;1000;50;75;75;50;0.5;1;lognormal;Model3;NA;NA;FALSE;100;100;100;100;100;100;100;100
10000;1000;50;75;75;50;0.5;1;mixed;Model4;NA;NA;FALSE;4.95;5.13;4.79;5.22;4.81;5.25;9.05;3.13
10000;1000;50;75;75;50;0.5;1;normal;Model6;NA;NA;FALSE;99.8;99.99;99.99;100;99.99;100;99.99;100
10000;1000;50;75;75;50;0.75;1;normal;Model6;NA;NA;FALSE;100;100;100;100;100;100;100;100
10000;1000;50;75;75;50;0.75;1;lognormal;Model5;NA;NA;FALSE;100;100;100;100;100;100;100;100
10000;1000;50;75;75;50;0.5;1;mixed;Model6;NA;NA;FALSE;99.54;99.6;100;100;100;100;100;99.99
10000;1000;50;75;75;50;0.5;1;mixed;Model5;NA;NA;FALSE;97.24;97.9;99.99;99.98;99.99;99.98;100;99.96
10000;1000;50;75;75;50;0.5;1;normal;Model2;NA;NA;FALSE;99.45;100;100;100;100;100;100;100
10000;1000;50;75;75;50;0.5;1;normal;Model7;NA;NA;FALSE;100;100;100;100;100;100;100;100
10000;1000;50;75;75;50;0.75;1;normal;Model1;NA;NA;FALSE;4.96;4.88;4.82;4.55;4.89;4.61;7.93;2.9
10000;1000;50;75;75;50;0.5;1;lognormal;Model2;NA;NA;FALSE;100;100;100;100;100;100;100;100
10000;1000;50;75;75;50;0.5;1;lognormal;Model5;NA;NA;FALSE;100;100;100;100;100;100;100;100
10000;1000;50;75;75;50;0.75;1;lognormal;Model4;NA;NA;FALSE;5.07;5.05;5.2;5.45;5.02;5.5;8.17;3.78
10000;1000;50;75;75;50;0.75;1;lognormal;Model6;NA;NA;FALSE;100;100;100;100;100;100;100;100
10000;1000;50;75;75;50;0.75;1;lognormal;Model7;NA;NA;FALSE;100;100;100;100;100;100;100;100
10000;1000;50;75;75;50;0.5;1;lognormal;Model6;NA;NA;FALSE;100;100;100;100;100;100;100;100
10000;1000;50;75;75;50;0.75;1;mixed;Model3;NA;NA;FALSE;100;100;100;100;100;100;100;100
10000;1000;50;75;75;50;0.75;1;normal;Model4;NA;NA;FALSE;4.96;4.88;4.82;4.55;4.91;4.63;8.02;2.77
10000;1000;50;75;75;50;0.5;1;mixed;Model1;NA;NA;FALSE;6.43;7.63;7.76;10.83;7.53;10.53;13.74;7.32
10000;1000;50;75;75;50;0.5;1;mixed;Model3;NA;NA;FALSE;100;100;100;100;100;100;100;100
10000;1000;50;75;75;50;0.75;1;mixed;Model1;NA;NA;FALSE;5.84;7.73;7.38;10.81;7.13;10.63;14.84;7.01
10000;1000;50;75;75;50;0.75;1;normal;Model5;NA;NA;FALSE;99.99;100;100;100;100;100;100;100
10000;1000;50;75;75;50;0.5;1;normal;Model1;NA;NA;FALSE;4.78;5.12;4.83;4.62;4.82;4.76;7.89;3
10000;1000;50;75;75;50;0.75;1;lognormal;Model3;NA;NA;FALSE;100;100;100;100;100;100;100;100
10000;1000;50;75;75;50;0.75;1;mixed;Model6;NA;NA;FALSE;99.93;100;100;100;100;100;100;100
10000;1000;50;75;75;100;0.75;1;mixed;Model3;NA;NA;FALSE;100;100;100;100;100;100;100;100
10000;1000;50;75;75;100;0.5;1;mixed;Model3;NA;NA;FALSE;100;100;100;100;100;100;100;100
10000;1000;50;75;75;100;0.5;1;lognormal;Model1;NA;NA;FALSE;5.16;5.04;4.99;4.67;4.84;4.65;7.8;2.8
10000;1000;50;75;75;100;0.5;1;mixed;Model4;NA;NA;FALSE;4.94;5.17;4.86;4.78;4.73;4.59;9.12;2.16
10000;1000;50;75;75;100;0.5;1;normal;Model5;NA;NA;FALSE;99.17;100;99.98;100;99.99;100;100;100
10000;1000;50;75;75;100;0.5;1;normal;Model3;NA;NA;FALSE;100;100;100;100;100;100;100;100
10000;1000;50;75;75;100;0.5;1;normal;Model7;NA;NA;FALSE;100;100;100;100;100;100;100;100
10000;1000;50;75;75;100;0.75;1;lognormal;Model6;NA;NA;FALSE;100;100;100;100;100;100;100;100
10000;1000;50;75;75;100;0.75;1;lognormal;Model3;NA;NA;FALSE;100;100;100;100;100;100;100;100
10000;1000;50;75;75;100;0.75;1;mixed;Model4;NA;NA;FALSE;5.04;5.11;4.79;4.98;4.79;4.92;10.77;1.92
10000;1000;50;75;75;100;0.75;1;lognormal;Model1;NA;NA;FALSE;5.05;5.19;5.12;4.98;4.8;4.83;7.97;2.91
10000;1000;50;75;75;100;0.75;1;mixed;Model6;NA;NA;FALSE;99.93;100;100;100;100;100;100;100
10000;1000;50;75;75;100;0.75;1;normal;Model6;NA;NA;FALSE;100;100;100;100;100;100;100;100
10000;1000;50;75;75;100;0.75;1;mixed;Model2;NA;NA;FALSE;98.01;100;100;100;100;100;100;100
10000;1000;50;75;75;100;0.5;1;mixed;Model6;NA;NA;FALSE;99.4;99.49;100;100;100;100;100;100
10000;1000;50;75;75;100;0.75;1;normal;Model3;NA;NA;FALSE;100;100;100;100;100;100;100;100
10000;1000;50;75;75;100;0.75;1;lognormal;Model5;NA;NA;FALSE;100;100;100;100;100;100;100;100
10000;1000;50;75;75;100;0.75;1;lognormal;Model2;NA;NA;FALSE;100;100;100;100;100;100;100;100
10000;1000;50;75;75;100;0.75;1;normal;Model7;NA;NA;FALSE;100;100;100;100;100;100;100;100
10000;1000;50;75;75;100;0.75;1;lognormal;Model4;NA;NA;FALSE;4.91;5.04;5.33;5.04;5.18;5.08;8.17;2.75
10000;1000;50;75;75;100;0.5;1;normal;Model6;NA;NA;FALSE;99.84;100;99.99;100;99.99;100;100;100
10000;1000;50;75;75;100;0.75;1;mixed;Model1;NA;NA;FALSE;5.67;7.6;7.16;10.81;7;10.86;15.4;5.56
10000;1000;50;75;75;100;0.75;1;mixed;Model5;NA;NA;FALSE;99.01;99.88;100;100;100;100;100;100
10000;1000;50;75;75;100;0.75;1;normal;Model5;NA;NA;FALSE;100;100;100;100;100;100;100;100
10000;1000;50;75;75;100;0.5;1;mixed;Model1;NA;NA;FALSE;6.21;7.2;8.09;10.34;7.61;9.99;14.05;5.65
10000;1000;50;75;75;100;0.5;1;lognormal;Model3;NA;NA;FALSE;100;100;100;100;100;100;100;100
10000;1000;50;75;75;100;0.75;1;lognormal;Model7;NA;NA;FALSE;100;100;100;100;100;100;100;100
10000;1000;50;75;75;100;0.5;1;normal;Model1;NA;NA;FALSE;4.82;5.09;4.96;4.96;4.81;5.18;7.84;2.62
10000;1000;50;75;75;100;0.5;1;lognormal;Model6;NA;NA;FALSE;100;100;100;100;100;100;100;100
10000;1000;50;75;75;100;0.75;1;normal;Model4;NA;NA;FALSE;4.99;5.16;5;4.96;5.12;5.01;7.91;2.32
10000;1000;50;75;75;100;0.75;1;mixed;Model7;NA;NA;FALSE;100;100;100;100;100;100;100;100
10000;1000;50;75;75;100;0.5;1;lognormal;Model4;NA;NA;FALSE;5;4.96;5.07;4.85;4.92;4.87;7.84;2.84
10000;1000;50;75;75;100;0.75;1;normal;Model1;NA;NA;FALSE;4.99;5.16;5;4.96;5.09;4.99;7.92;2.4
10000;1000;50;75;75;100;0.5;1;mixed;Model7;NA;NA;FALSE;100;100;100;100;100;100;100;100
10000;1000;50;75;75;100;0.5;1;normal;Model2;NA;NA;FALSE;99.35;100;100;100;100;100;100;100
10000;1000;50;75;75;100;0.5;1;lognormal;Model5;NA;NA;FALSE;100;100;100;100;100;100;100;100
10000;1000;50;75;75;100;0.75;1;normal;Model2;NA;NA;FALSE;100;100;100;100;100;100;100;100
10000;1000;50;75;75;100;0.5;1;mixed;Model2;NA;NA;FALSE;94.36;99.67;99.97;100;99.95;100;100;100
10000;1000;50;75;75;100;0.5;1;lognormal;Model7;NA;NA;FALSE;100;100;100;100;100;100;100;100
10000;1000;50;75;75;100;0.5;1;normal;Model4;NA;NA;FALSE;4.82;5.09;4.96;4.96;4.83;4.93;7.87;2.46
10000;1000;50;75;75;100;0.5;1;lognormal;Model2;NA;NA;FALSE;100;100;100;100;100;100;100;100
10000;1000;50;75;75;100;0.5;1;mixed;Model5;NA;NA;FALSE;97.5;97.9;99.99;99.99;99.99;99.99;100;99.94
10000;1000;500;750;750;25;0.75;1;normal;Model1;NA;NA;FALSE;5.34;5.04;4.9;5;4.94;5.12;7.62;3.98
10000;1000;500;750;750;25;0.5;1;normal;Model1;NA;NA;FALSE;5.08;5.01;4.83;5.08;4.76;4.92;7.6;3.96
10000;1000;500;750;750;25;0.5;1;normal;Model5;NA;NA;FALSE;100;100;100;100;100;100;100;100
10000;1000;500;750;750;25;0.75;1;mixed;Model4;NA;NA;FALSE;5.27;5.48;5.17;5.83;5.3;5.78;10.76;4.03
10000;1000;500;750;750;25;0.5;1;normal;Model6;NA;NA;FALSE;100;100;100;100;100;100;100;100
10000;1000;500;750;750;25;0.75;1;mixed;Model6;NA;NA;FALSE;100;100;100;100;100;100;100;100
10000;1000;500;750;750;25;0.75;1;normal;Model5;NA;NA;FALSE;100;100;100;100;100;100;100;100
10000;1000;500;750;750;25;0.5;1;mixed;Model2;NA;NA;FALSE;100;100;100;100;100;100;100;100
10000;1000;500;750;750;25;0.75;1;mixed;Model2;NA;NA;FALSE;100;100;100;100;100;100;100;100
10000;1000;500;750;750;25;0.5;1;normal;Model4;NA;NA;FALSE;5.08;5.01;4.83;5.08;4.82;4.9;7.6;3.86
10000;1000;500;750;750;25;0.5;1;mixed;Model1;NA;NA;FALSE;40.22;67.16;74.77;96.54;74.9;96.54;84.49;95.87
10000;1000;500;750;750;25;0.75;1;normal;Model3;NA;NA;FALSE;100;100;100;100;100;100;100;100
10000;1000;500;750;750;25;0.5;1;mixed;Model7;NA;NA;FALSE;100;100;100;100;100;100;100;100
10000;1000;500;750;750;25;0.5;1;normal;Model2;NA;NA;FALSE;100;100;100;100;100;100;100;100
10000;1000;500;750;750;25;0.75;1;normal;Model6;NA;NA;FALSE;100;100;100;100;100;100;100;100
10000;1000;500;750;750;25;0.5;1;mixed;Model3;NA;NA;FALSE;100;100;100;100;100;100;100;100
10000;1000;500;750;750;25;0.5;1;mixed;Model5;NA;NA;FALSE;100;100;100;100;100;100;100;100
10000;1000;500;750;750;25;0.5;1;mixed;Model4;NA;NA;FALSE;5.18;5.6;5.25;5.57;5.34;5.53;9.24;4.33
10000;1000;500;750;750;25;0.5;1;mixed;Model6;NA;NA;FALSE;100;100;100;100;100;100;100;100
10000;1000;500;750;750;25;0.5;1;lognormal;Model7;NA;NA;FALSE;100;100;100;100;100;100;100;100
10000;1000;500;750;750;25;0.75;1;mixed;Model5;NA;NA;FALSE;100;100;100;100;100;100;100;100
10000;1000;500;750;750;25;0.5;1;normal;Model7;NA;NA;FALSE;100;100;100;100;100;100;100;100
10000;1000;500;750;750;25;0.75;1;lognormal;Model7;NA;NA;FALSE;100;100;100;100;100;100;100;100
10000;1000;500;750;750;25;0.75;1;lognormal;Model1;NA;NA;FALSE;5.26;5;5.14;5.12;5.17;4.97;7.61;4.47
10000;1000;500;750;750;25;0.5;1;lognormal;Model2;NA;NA;FALSE;100;100;100;100;100;100;100;100
10000;1000;500;750;750;25;0.5;1;normal;Model3;NA;NA;FALSE;100;100;100;100;100;100;100;100
10000;1000;500;750;750;25;0.75;1;mixed;Model1;NA;NA;FALSE;34.22;74.46;73.36;96.95;73.33;96.95;87.85;96.08
10000;1000;500;750;750;25;0.75;1;lognormal;Model6;NA;NA;FALSE;100;100;100;100;100;100;100;100
10000;1000;500;750;750;25;0.75;1;lognormal;Model4;NA;NA;FALSE;5.32;4.97;5.11;5.25;5.28;5.17;7.62;4.57
10000;1000;500;750;750;25;0.5;1;lognormal;Model6;NA;NA;FALSE;100;100;100;100;100;100;100;100
10000;1000;500;750;750;25;0.75;1;lognormal;Model2;NA;NA;FALSE;100;100;100;100;100;100;100;100
10000;1000;500;750;750;25;0.5;1;lognormal;Model5;NA;NA;FALSE;100;100;100;100;100;100;100;100
10000;1000;500;750;750;25;0.5;1;lognormal;Model3;NA;NA;FALSE;100;100;100;100;100;100;100;100
10000;1000;500;750;750;25;0.75;1;normal;Model2;NA;NA;FALSE;100;100;100;100;100;100;100;100
10000;1000;500;750;750;25;0.75;1;lognormal;Model3;NA;NA;FALSE;100;100;100;100;100;100;100;100
10000;1000;500;750;750;25;0.75;1;mixed;Model3;NA;NA;FALSE;100;100;100;100;100;100;100;100
10000;1000;500;750;750;25;0.75;1;lognormal;Model5;NA;NA;FALSE;100;100;100;100;100;100;100;100
10000;1000;500;750;750;25;0.75;1;normal;Model7;NA;NA;FALSE;100;100;100;100;100;100;100;100
10000;1000;500;750;750;25;0.5;1;lognormal;Model1;NA;NA;FALSE;5.18;5.14;5.18;5.05;5.13;5.14;7.76;4.67
10000;1000;500;750;750;25;0.75;1;mixed;Model7;NA;NA;FALSE;100;100;100;100;100;100;100;100
10000;1000;500;750;750;25;0.75;1;normal;Model4;NA;NA;FALSE;5.34;5.04;4.9;5;5.05;5.03;7.5;4.08
10000;1000;500;750;750;25;0.5;1;lognormal;Model4;NA;NA;FALSE;5.24;5.07;5.24;5.03;5.26;4.98;7.77;4.54
nsim;n_perm;n_1;n_2;n_3;I;g;a;distr;Model;distr_jtz;rho;ZP;pvaldPermPTtest;pvalePermPTtest;pvaldPerm;pvalePerm;pvaldPBstrp;pvalePBstrp;pvaldNPBstrp;pvaleNPBstrp