nsim,n_perm,n_1,n_2,n_3,I,g,a,distr,Model,distr_jtz,rho,ZP,pvaldPermPTtest,pvalePermPTtest,pvaldPerm,pvalePerm,pvaldPBstrp,pvalePBstrp,pvaldNPBstrp,pvaleNPBstrp
10000,1000,6,12,12,25,0.75,1,mixed,Model7,NA,NA,FALSE,14.84,24.57,23.22,67.12,19.77,74.53,41.49,74.28
10000,1000,6,12,12,25,0.75,1,mixed,Model2,NA,NA,FALSE,14.59,15.19,19.41,21.41,15.67,23.78,34.31,24.97
10000,1000,6,12,12,25,0.75,1,lognormal,Model4,NA,NA,FALSE,5.65,5.85,4.91,4.42,3.22,5.79,8.84,7.95
10000,1000,6,12,12,25,0.75,1,normal,Model6,NA,NA,FALSE,37.28,28.99,43.25,31.76,41.1,32.79,57.87,34.18
10000,1000,6,12,12,25,0.5,1,lognormal,Model5,NA,NA,FALSE,47.22,31.97,77.41,44.23,65.19,48.04,90.12,59.45
10000,1000,6,12,12,25,0.75,1,lognormal,Model3,NA,NA,FALSE,90.97,79.53,98.17,92.08,96.98,96.31,99.53,96.53
10000,1000,6,12,12,25,0.75,1,normal,Model2,NA,NA,FALSE,25.52,27.84,26.93,36.15,22.09,41.78,40.09,44.04
10000,1000,6,12,12,25,0.5,1,lognormal,Model3,NA,NA,FALSE,64,51.23,90.84,77.65,86.08,84.39,96.02,85.12
10000,1000,6,12,12,25,0.75,1,lognormal,Model2,NA,NA,FALSE,50.78,41.36,60.58,50.7,51.02,54.94,74.28,64.34
10000,1000,6,12,12,25,0.5,1,normal,Model5,NA,NA,FALSE,18.35,15.3,24.05,17.06,21.69,17.62,35.86,20.39
10000,1000,6,12,12,25,0.5,1,normal,Model1,NA,NA,FALSE,6.46,6.42,5.4,5.07,4.71,5.93,9.48,6.18
10000,1000,6,12,12,25,0.5,1,normal,Model7,NA,NA,FALSE,23.87,50.03,36.18,90.76,31.43,96.46,53.52,97.14
10000,1000,6,12,12,25,0.5,1,normal,Model4,NA,NA,FALSE,6.48,6.36,5.4,5.07,4.7,6,9.61,6.78
10000,1000,6,12,12,25,0.5,1,mixed,Model3,NA,NA,FALSE,34.49,29.4,68.7,60.37,58.98,66.97,82.9,63.41
10000,1000,6,12,12,25,0.5,1,lognormal,Model4,NA,NA,FALSE,5.78,5.9,4.93,4.54,3.36,5.78,8.96,7.76
10000,1000,6,12,12,25,0.5,1,normal,Model6,NA,NA,FALSE,21.9,17.69,30.21,20.53,27.66,21.09,42.91,22.09
10000,1000,6,12,12,25,0.75,1,mixed,Model3,NA,NA,FALSE,39.35,36.61,70.25,69.81,61.6,77.99,87,68.35
10000,1000,6,12,12,25,0.75,1,mixed,Model6,NA,NA,FALSE,24.41,20.96,40.2,29.21,37.63,30.05,59.17,28.43
10000,1000,6,12,12,25,0.75,1,normal,Model4,NA,NA,FALSE,6.39,6.23,5.26,5.07,4.51,5.75,9.34,6.51
10000,1000,9,11,10,25,0.75,1,mixed,Model5,NA,NA,FALSE,28.46,27.27,39.8,35.49,37.46,34.81,57.65,32.24
10000,1000,6,12,12,25,0.5,1,lognormal,Model1,NA,NA,FALSE,5.84,5.64,4.89,4.32,2.98,5.03,8.56,6.76
10000,1000,6,12,12,25,0.75,1,mixed,Model4,NA,NA,FALSE,7.03,6.78,5.88,5.66,5.68,6.12,12.52,6.59
10000,1000,6,12,12,25,0.75,1,mixed,Model5,NA,NA,FALSE,20.35,18.25,31.12,23.74,29.38,23.76,50.08,25.11
10000,1000,6,12,12,25,0.5,1,mixed,Model7,NA,NA,FALSE,14.32,21.07,25.12,61.15,19.84,68.11,40.5,72.71
10000,1000,6,12,12,25,0.5,1,normal,Model2,NA,NA,FALSE,15.15,16.08,17.68,22.91,13.96,25.69,27.85,27.81
10000,1000,6,12,12,25,0.75,1,normal,Model3,NA,NA,FALSE,66.3,60.96,79.38,80.3,72.2,88.22,90.51,85.17
10000,1000,6,12,12,25,0.5,1,mixed,Model4,NA,NA,FALSE,6.29,6.51,5.79,5.28,4.67,6.02,11.11,7.41
10000,1000,6,12,12,25,0.75,1,lognormal,Model7,NA,NA,FALSE,47.64,50.08,58.46,73.32,46.31,81.65,75.45,87.48
10000,1000,6,12,12,25,0.75,1,normal,Model7,NA,NA,FALSE,44.45,79.05,54.94,97.08,50.79,99.59,74.4,99.71
10000,1000,6,12,12,25,0.75,1,normal,Model1,NA,NA,FALSE,6.42,6.24,5.26,5.07,4.5,5.75,9.27,6.05
10000,1000,6,12,12,25,0.75,1,lognormal,Model6,NA,NA,FALSE,91.82,66.63,99.02,77.86,97.55,82.51,99.93,86.74
10000,1000,6,12,12,25,0.75,1,mixed,Model1,NA,NA,FALSE,6.9,6.98,5.9,5.9,5.33,6.12,12.38,6.32
10000,1000,6,12,12,25,0.5,1,mixed,Model2,NA,NA,FALSE,12.74,12.53,18.66,17.65,13.43,19.26,31.27,22.69
10000,1000,6,12,12,25,0.5,1,normal,Model3,NA,NA,FALSE,35.9,33.94,56.85,60.23,47.06,67.92,72.28,63.5
10000,1000,6,12,12,25,0.5,1,mixed,Model6,NA,NA,FALSE,21.89,17.52,40.28,23.95,35.97,25.09,55.88,26.95
10000,1000,6,12,12,25,0.5,1,lognormal,Model2,NA,NA,FALSE,27.21,22.57,41.26,33.01,31.54,34.28,54.49,43.81
10000,1000,6,12,12,25,0.5,1,mixed,Model5,NA,NA,FALSE,18.31,14.94,31.55,19.59,27.82,19.91,47.01,23.98
10000,1000,6,12,12,25,0.75,1,lognormal,Model5,NA,NA,FALSE,82.7,56.9,94.86,66.48,90.08,72.15,99,80.86
10000,1000,6,12,12,25,0.75,1,lognormal,Model1,NA,NA,FALSE,5.83,6.07,4.76,4.85,3,5.46,8.16,6.87
10000,1000,6,12,12,25,0.5,1,lognormal,Model6,NA,NA,FALSE,60.46,38.85,91.24,55.71,83.46,60.55,97.39,67.6
10000,1000,6,12,12,25,0.5,1,lognormal,Model7,NA,NA,FALSE,23.7,26.11,36.54,52.31,25.63,58.95,51.59,68.88
10000,1000,6,12,12,25,0.75,1,normal,Model5,NA,NA,FALSE,31.07,24.33,34.19,25.94,32.48,26.94,48.33,30.51
10000,1000,6,12,12,25,0.5,1,mixed,Model1,NA,NA,FALSE,6.65,6.32,5.76,5.32,4.64,6.15,11.35,7.1
10000,1000,9,11,10,25,0.75,1,normal,Model4,NA,NA,FALSE,4.85,4.96,5.3,4.87,4.78,5.38,9.17,5.07
10000,1000,9,11,10,25,0.75,1,mixed,Model4,NA,NA,FALSE,5.42,5.56,5.64,5.93,5.23,5.37,11.8,4.88
10000,1000,9,11,10,25,0.75,1,mixed,Model3,NA,NA,FALSE,64.66,74.35,85.88,93.75,79.92,94.99,95.99,91.1
10000,1000,9,11,10,25,0.5,1,mixed,Model4,NA,NA,FALSE,5.5,5.53,5.63,5.68,4.82,5.54,10.45,5.63
10000,1000,9,11,10,25,0.5,1,normal,Model3,NA,NA,FALSE,59.98,66.66,73.49,87.1,66.57,89.91,85.76,86.27
10000,1000,9,11,10,25,0.75,1,lognormal,Model2,NA,NA,FALSE,76.43,72.63,80.46,80.43,73.05,82.2,88.07,84.51
10000,1000,9,11,10,25,0.75,1,lognormal,Model6,NA,NA,FALSE,99.94,93.6,100,97.2,99.98,97.83,100,97.82
10000,1000,9,11,10,25,0.75,1,normal,Model6,NA,NA,FALSE,56.34,47.54,60.15,51.52,58.79,52.33,72.83,48.97
10000,1000,9,11,10,25,0.75,1,normal,Model2,NA,NA,FALSE,39.69,55.27,38.53,65.52,32.58,69.33,53.67,68.01
10000,1000,9,11,10,25,0.5,1,lognormal,Model2,NA,NA,FALSE,42.09,40.52,53.07,54.26,43.93,55.16,64.6,59.23
10000,1000,9,11,10,25,0.75,1,normal,Model5,NA,NA,FALSE,46.57,39.64,47.7,41.73,46,43.16,61.07,41.82
10000,1000,9,11,10,25,0.5,1,normal,Model2,NA,NA,FALSE,17.9,26.55,20.68,38.27,17.33,41.65,32.2,40.22
10000,1000,9,11,10,25,0.5,1,normal,Model7,NA,NA,FALSE,38.96,91.08,49.51,99.68,44.96,99.76,66.76,99.7
10000,1000,9,11,10,25,0.75,1,lognormal,Model4,NA,NA,FALSE,5.07,5.22,4.81,4.9,3.69,5.47,8.25,6.17
10000,1000,9,11,10,25,0.5,1,lognormal,Model4,NA,NA,FALSE,5.13,5.32,4.89,5.13,3.63,5.52,8.29,6.2
10000,1000,9,11,10,25,0.75,1,mixed,Model1,NA,NA,FALSE,5.57,5.59,5.61,6.05,5.25,5.45,12.11,4.94
10000,1000,9,11,10,25,0.5,1,mixed,Model7,NA,NA,FALSE,18.74,46.24,30.03,83.67,24.84,84.71,45.78,84.61
10000,1000,9,11,10,25,0.75,1,lognormal,Model5,NA,NA,FALSE,99.34,86.76,99.78,91.85,99.38,93.33,99.99,94.28
10000,1000,9,11,10,25,0.5,1,lognormal,Model7,NA,NA,FALSE,39.51,56.01,50.61,81.38,40.23,84.29,65.19,85.64
10000,1000,9,11,10,25,0.5,1,mixed,Model3,NA,NA,FALSE,57.7,57.99,82.55,86.93,75.63,88.2,92.03,85.43
10000,1000,9,11,10,25,0.5,1,lognormal,Model5,NA,NA,FALSE,78.92,53.83,92.13,68.14,85.75,71.36,96.84,74.64
10000,1000,9,11,10,25,0.75,1,normal,Model7,NA,NA,FALSE,76.42,99.79,79.85,100,76.09,100,90.75,100
10000,1000,9,11,10,25,0.75,1,mixed,Model6,NA,NA,FALSE,36.55,34.23,52,44.86,49.57,43.94,69.03,39.02
10000,1000,9,11,10,25,0.75,1,normal,Model3,NA,NA,FALSE,93.05,95.14,95.5,98.88,92.82,99.31,98.57,98.79
10000,1000,9,11,10,25,0.5,1,mixed,Model6,NA,NA,FALSE,33.02,26.66,50.57,37.24,47.36,36.53,64.05,35.02
10000,1000,9,11,10,25,0.75,1,lognormal,Model3,NA,NA,FALSE,99.54,98.67,99.96,99.84,99.8,99.91,99.99,99.86
10000,1000,9,11,10,25,0.75,1,mixed,Model7,NA,NA,FALSE,18.26,55.85,27.88,88.25,24.77,89.27,47.16,86.75
10000,1000,9,11,10,25,0.5,1,normal,Model6,NA,NA,FALSE,30.55,24.75,39,30.36,37.57,31.4,51.6,28.73
10000,1000,9,11,10,25,0.75,1,normal,Model1,NA,NA,FALSE,4.86,4.95,5.3,4.87,4.8,5.34,9.25,5.1
10000,1000,9,11,10,25,0.5,1,lognormal,Model1,NA,NA,FALSE,5.15,5.44,4.93,5,3.22,5.1,8.13,5.71
10000,1000,9,11,10,25,0.5,1,normal,Model4,NA,NA,FALSE,4.94,5.38,5.16,5.11,4.79,5.48,8.89,5.09
10000,1000,9,11,10,25,0.5,1,mixed,Model2,NA,NA,FALSE,15.47,19.23,22.4,28.79,17.57,29.83,34.68,31.22
10000,1000,9,11,10,25,0.75,1,lognormal,Model7,NA,NA,FALSE,80.13,90.6,83.5,97.13,74.86,97.96,92.45,98.28
10000,1000,9,11,10,25,0.75,1,lognormal,Model1,NA,NA,FALSE,5.23,5.3,4.84,4.79,3.31,4.83,8.1,5.54
10000,1000,9,11,10,25,0.5,1,lognormal,Model3,NA,NA,FALSE,89.21,84.03,97.63,96.61,95.51,97.25,98.99,96.91
10000,1000,9,11,10,25,0.5,1,lognormal,Model6,NA,NA,FALSE,91.51,65.32,98.83,80.58,96.6,82.58,99.8,83.41
10000,1000,9,11,10,25,0.75,1,mixed,Model2,NA,NA,FALSE,17.13,26.6,23.49,36.48,19.45,38.05,40.31,36.39
10000,1000,12,9,9,25,0.5,1,lognormal,Model5,NA,NA,FALSE,95.64,75.85,98.17,82.76,95.45,83.94,99.61,83.52
10000,1000,12,9,9,25,0.5,1,mixed,Model2,NA,NA,FALSE,20.48,29.9,26.46,37.96,20.78,37.41,40.67,36.29
10000,1000,12,9,9,25,0.5,1,normal,Model4,NA,NA,FALSE,5.5,5.62,5.35,5.25,5.01,5.39,9.93,4.32
10000,1000,12,9,9,25,0.5,1,mixed,Model6,NA,NA,FALSE,43.43,37.12,56.24,44.9,52.33,42.87,69.91,39.17
10000,1000,12,9,9,25,0.5,1,normal,Model2,NA,NA,FALSE,26.56,45.19,27.72,54.23,23.71,56.32,42.08,52.53
10000,1000,9,11,10,25,0.5,1,mixed,Model1,NA,NA,FALSE,5.68,5.46,6,5.81,4.91,5.68,10.72,5.78
10000,1000,12,9,9,25,0.75,1,normal,Model2,NA,NA,FALSE,60.3,82.83,55.35,85.33,49.19,87.27,71.1,84.73
10000,1000,12,9,9,25,0.75,1,lognormal,Model2,NA,NA,FALSE,91.2,91.45,91.41,93.85,87.44,94.08,95.68,94.44
10000,1000,9,11,10,25,0.5,1,normal,Model5,NA,NA,FALSE,24.67,20.9,29.49,24.82,28.14,25.69,41.74,24.67
10000,1000,12,9,9,25,0.5,1,lognormal,Model1,NA,NA,FALSE,5.33,5.22,5.31,5.06,3.81,4.84,8.93,5.07
10000,1000,12,9,9,25,0.75,1,mixed,Model2,NA,NA,FALSE,22.49,41.8,27.96,48.7,23.1,47.5,47.95,43.95
10000,1000,12,9,9,25,0.5,1,normal,Model6,NA,NA,FALSE,41.84,36.57,46.06,40.04,44.25,40.38,59.35,34.6
10000,1000,12,9,9,25,0.5,1,mixed,Model3,NA,NA,FALSE,77.8,83.41,90.22,95.02,83.81,94.95,96.53,92.83
10000,1000,12,9,9,25,0.75,1,mixed,Model3,NA,NA,FALSE,84.94,95.47,93.83,98.89,89.23,98.83,99.11,97.19
10000,1000,12,9,9,25,0.5,1,normal,Model1,NA,NA,FALSE,5.51,5.62,5.35,5.25,5.07,5.35,10.01,4.65
10000,1000,12,9,9,25,0.75,1,normal,Model3,NA,NA,FALSE,99.39,99.75,99.33,99.93,98.65,99.97,99.92,99.9
10000,1000,12,9,9,25,0.75,1,lognormal,Model3,NA,NA,FALSE,99.99,99.96,100,99.99,99.99,100,100,100
10000,1000,12,9,9,25,0.5,1,mixed,Model4,NA,NA,FALSE,4.85,5,5.36,5.57,4.34,5.02,10.57,4.41
10000,1000,12,9,9,25,0.75,1,normal,Model4,NA,NA,FALSE,5.55,5.48,5.31,5.1,5.08,5.35,9.75,4.13
10000,1000,12,9,9,25,0.75,1,lognormal,Model1,NA,NA,FALSE,5.3,5.16,5.31,4.98,3.74,4.62,8.57,4.75
10000,1000,9,11,10,25,0.5,1,mixed,Model5,NA,NA,FALSE,26.08,21.66,38.4,29.34,35.22,29.06,52.39,29.54
10000,1000,12,9,9,25,0.5,1,mixed,Model1,NA,NA,FALSE,5.28,5.14,5.69,5.83,4.5,5.28,11.09,5.02
10000,1000,12,9,9,25,0.5,1,lognormal,Model4,NA,NA,FALSE,5.43,5.06,5.2,4.99,4.31,5.38,9.28,5.22
10000,1000,12,9,9,25,0.75,1,normal,Model1,NA,NA,FALSE,5.55,5.48,5.31,5.1,4.91,5.35,9.87,4.43
10000,1000,12,9,9,25,0.5,1,lognormal,Model2,NA,NA,FALSE,59.29,61.48,64.97,69.64,57.38,70,75.53,70.74
10000,1000,15,8,7,25,0.5,1,lognormal,Model5,NA,NA,FALSE,99.65,89.18,99.7,91.04,98.89,91.59,99.97,90.06
10000,1000,15,8,7,25,0.75,1,mixed,Model4,NA,NA,FALSE,5.03,5.02,5.58,5.86,5.17,5.04,12.55,3.5
10000,1000,12,9,9,25,0.5,1,lognormal,Model6,NA,NA,FALSE,99.35,85.67,99.81,91.31,99.41,91.98,99.98,90.78
10000,1000,12,9,9,25,0.75,1,normal,Model6,NA,NA,FALSE,73.71,67.89,74.12,68.44,72.57,68.94,84.59,62.21
10000,1000,12,9,9,25,0.5,1,normal,Model3,NA,NA,FALSE,79.36,89.03,84.53,96.04,79.51,96.81,93.56,94.72
10000,1000,12,9,9,25,0.5,1,mixed,Model5,NA,NA,FALSE,35.12,30.48,45.52,36.78,41.57,35.18,59.38,33.23
10000,1000,12,9,9,25,0.75,1,lognormal,Model4,NA,NA,FALSE,5.49,4.85,5.31,4.83,4.16,5.21,8.89,4.88
10000,1000,12,9,9,25,0.75,1,normal,Model5,NA,NA,FALSE,62.66,58.14,61.86,58.01,60.13,58.73,73.88,54.23
10000,1000,12,9,9,25,0.75,1,lognormal,Model6,NA,NA,FALSE,100,99.51,100,99.77,100,99.82,100,99.74
10000,1000,15,8,7,25,0.5,1,lognormal,Model6,NA,NA,FALSE,99.98,95.68,100,97.02,99.98,97.25,100,96.18
10000,1000,15,8,7,25,0.5,1,normal,Model7,NA,NA,FALSE,75.33,99.97,75.6,99.99,71.24,100,89.58,99.99
10000,1000,12,9,9,25,0.75,1,mixed,Model6,NA,NA,FALSE,47.68,48.02,59.47,54.38,56.08,52.38,76.71,45.45
10000,1000,15,8,7,25,0.5,1,normal,Model6,NA,NA,FALSE,53.82,48.96,55.33,49.04,53.33,49.06,68.4,41.8
10000,1000,15,8,7,25,0.5,1,lognormal,Model7,NA,NA,FALSE,79.2,95.48,78.99,97.74,69.55,98.02,89.94,97.64
10000,1000,15,8,7,25,0.5,1,mixed,Model4,NA,NA,FALSE,5.25,4.97,5.56,5.62,4.67,5.16,11.32,4.31
10000,1000,12,9,9,25,0.75,1,mixed,Model5,NA,NA,FALSE,38.24,40.2,47.61,45,44.73,43.14,66.03,38.44
10000,1000,15,8,7,25,0.75,1,lognormal,Model2,NA,NA,FALSE,97.55,97.77,97.15,97.91,95.11,97.87,98.76,97.87
10000,1000,15,8,7,25,0.5,1,normal,Model5,NA,NA,FALSE,44.15,40.48,44,40.36,42.34,39.84,58.14,34.27
10000,1000,15,8,7,25,0.75,1,mixed,Model5,NA,NA,FALSE,49.06,53.56,55.22,53.81,51.9,51.02,73.58,44.22
10000,1000,15,8,7,25,0.5,1,lognormal,Model4,NA,NA,FALSE,5.02,5.33,5.01,5.25,3.99,5.33,9.01,4.79
10000,1000,15,8,7,25,0.75,1,lognormal,Model7,NA,NA,FALSE,99.7,99.96,99.48,99.99,98.57,99.99,99.93,99.99
10000,1000,15,8,7,25,0.5,1,mixed,Model2,NA,NA,FALSE,26.8,42.64,31.14,47.02,24.66,45.07,47.94,43.43
10000,1000,12,9,9,25,0.5,1,lognormal,Model3,NA,NA,FALSE,97.87,96.73,99.33,99.24,98.72,99.28,99.82,99.04
10000,1000,15,8,7,25,0.75,1,mixed,Model7,NA,NA,FALSE,31.88,94.9,38.35,97.84,34.7,97.51,62.2,96.1
10000,1000,15,8,7,25,0.75,1,normal,Model5,NA,NA,FALSE,76.02,74.74,73.69,72.04,71.64,71.85,84.58,65.62
10000,1000,15,8,7,25,0.5,1,normal,Model4,NA,NA,FALSE,5.4,5.3,5.15,5.17,4.79,5.06,9.73,3.68
10000,1000,15,8,7,25,0.75,1,normal,Model4,NA,NA,FALSE,5.26,5.11,5.14,5.07,4.72,4.88,10.02,3.71
10000,1000,15,8,7,25,0.5,1,lognormal,Model2,NA,NA,FALSE,72.11,76.24,73.97,79.57,66.43,79.16,83.71,78.77
10000,1000,15,8,7,25,0.75,1,lognormal,Model4,NA,NA,FALSE,5.11,5.39,5.1,5.23,4.02,5.35,9.05,4.84
10000,1000,15,8,7,25,0.5,1,lognormal,Model3,NA,NA,FALSE,99.75,99.47,99.86,99.81,99.75,99.86,99.99,99.76
10000,1000,15,8,7,25,0.75,1,lognormal,Model3,NA,NA,FALSE,100,99.99,100,100,100,100,100,100
10000,1000,12,9,9,25,0.75,1,mixed,Model1,NA,NA,FALSE,5.1,5.01,5.26,5.77,4.79,5.03,12.33,4.12
10000,1000,15,8,7,25,0.5,1,mixed,Model3,NA,NA,FALSE,90.99,95.91,95.35,98.5,91.54,98.25,98.85,97.19
10000,1000,15,8,7,25,0.75,1,mixed,Model3,NA,NA,FALSE,95.82,99.75,97.94,99.86,95.81,99.82,99.85,99.51
10000,1000,15,8,7,25,0.75,1,normal,Model2,NA,NA,FALSE,76.32,95.2,70.07,94.86,63.8,95.21,85.12,93.73
10000,1000,15,8,7,25,0.75,1,normal,Model7,NA,NA,FALSE,98.83,100,98.28,100,97.41,100,99.8,100
10000,1000,15,8,7,25,0.5,1,normal,Model3,NA,NA,FALSE,92.82,97.84,93.08,98.8,89.9,99.1,98.23,98.16
10000,1000,15,8,7,25,0.75,1,normal,Model3,NA,NA,FALSE,99.94,100,99.92,100,99.86,100,99.99,100
10000,1000,15,8,7,25,0.75,1,lognormal,Model6,NA,NA,FALSE,100,100,100,99.98,100,99.98,100,99.97
10000,1000,12,9,9,25,0.5,1,normal,Model5,NA,NA,FALSE,35.06,30.87,37.14,33.22,35.59,33.45,51.04,29.86
10000,1000,15,8,7,25,0.75,1,normal,Model6,NA,NA,FALSE,85.36,83.51,84.03,81.58,82.63,81.6,91.4,75.06
10000,1000,15,8,7,25,0.75,1,normal,Model1,NA,NA,FALSE,5.26,5.11,5.14,5.07,4.72,4.93,10.1,3.96
10000,1000,18,6,6,25,0.5,1,mixed,Model2,NA,NA,FALSE,33.17,53.63,36.57,53.84,28.11,50.46,55.14,49.34
10000,1000,15,8,7,25,0.5,1,mixed,Model7,NA,NA,FALSE,34.22,89.21,41.35,95.64,35.92,95.23,59.63,93.99
10000,1000,15,8,7,25,0.75,1,mixed,Model2,NA,NA,FALSE,29.26,58.46,33.98,60.01,27.86,58.84,57.33,53.71
10000,1000,15,8,7,25,0.5,1,normal,Model2,NA,NA,FALSE,35.77,63.24,33.86,66.6,29.13,67.71,51.26,63.71
10000,1000,12,9,9,25,0.75,1,lognormal,Model5,NA,NA,FALSE,100,97.76,100,98.45,100,98.67,100,98.58
10000,1000,15,8,7,25,0.5,1,normal,Model1,NA,NA,FALSE,5.4,5.3,5.15,5.17,4.76,5.03,10,4.16
10000,1000,15,8,7,25,0.75,1,lognormal,Model5,NA,NA,FALSE,100,99.79,100,99.81,100,99.79,100,99.72
10000,1000,18,6,6,25,0.5,1,lognormal,Model3,NA,NA,FALSE,99.94,99.93,99.97,99.95,99.91,99.95,100,99.93
10000,1000,18,6,6,25,0.5,1,mixed,Model3,NA,NA,FALSE,96.52,99.24,98.03,99.52,95.52,99.25,99.73,98.91
10000,1000,18,6,6,25,0.5,1,mixed,Model1,NA,NA,FALSE,5.67,5.67,6.33,6.35,4.8,5.34,12.79,4.84
10000,1000,18,6,6,25,0.75,1,lognormal,Model1,NA,NA,FALSE,5.19,5.17,5.04,5.16,3.46,4.49,9.19,4.3
10000,1000,18,6,6,25,0.5,1,normal,Model3,NA,NA,FALSE,97.81,99.65,97.37,99.78,95.54,99.81,99.48,99.58
10000,1000,15,8,7,25,0.75,1,mixed,Model6,NA,NA,FALSE,61.53,63.82,68.65,65.91,65.8,62.88,84.32,54.64
10000,1000,12,9,9,25,0.75,1,mixed,Model4,NA,NA,FALSE,4.96,5.06,5.14,5.42,4.75,4.7,11.98,3.59
10000,1000,18,6,6,25,0.75,1,lognormal,Model2,NA,NA,FALSE,99.37,99.43,98.95,99.37,97.88,99.27,99.66,99.25
10000,1000,18,6,6,25,0.5,1,lognormal,Model2,NA,NA,FALSE,82.11,86.71,81.69,86.2,74.47,85.43,89.54,85.11
10000,1000,18,6,6,25,0.5,1,normal,Model2,NA,NA,FALSE,46.29,77.85,41.77,76.79,35.37,77.01,61.18,72.94
10000,1000,18,6,6,25,0.75,1,mixed,Model1,NA,NA,FALSE,5.47,5.74,5.99,6.74,5.25,5.56,14.11,4.64
10000,1000,18,6,6,25,0.5,1,normal,Model1,NA,NA,FALSE,5.22,4.82,4.91,4.99,4.39,4.7,10.32,3.76
10000,1000,15,8,7,25,0.5,1,mixed,Model6,NA,NA,FALSE,56.68,49.78,64.58,53.77,60.5,50.99,77.6,46.55
10000,1000,18,6,6,25,0.5,1,lognormal,Model1,NA,NA,FALSE,4.97,5.06,5.23,4.98,3.7,4.6,9.16,4.34
10000,1000,18,6,6,25,0.75,1,normal,Model2,NA,NA,FALSE,87.84,98.94,82.54,98.32,76.54,98.48,93.8,97.66
10000,1000,18,6,6,25,0.75,1,normal,Model1,NA,NA,FALSE,5.06,4.84,4.98,4.85,4.54,4.77,10.21,3.83
10000,1000,18,6,6,25,0.5,1,normal,Model6,NA,NA,FALSE,62.85,59.78,62.34,57.04,60.16,56.08,75.82,48.04
10000,1000,18,6,6,25,0.75,1,lognormal,Model4,NA,NA,FALSE,4.92,5.04,5.21,5.09,4.02,5.1,9.59,4.34
10000,1000,15,8,7,25,0.5,1,mixed,Model5,NA,NA,FALSE,45.17,40.39,51.52,43.4,47.59,41.25,66.38,37.67
10000,1000,18,6,6,25,0.75,1,lognormal,Model3,NA,NA,FALSE,100,100,100,100,100,100,100,100
10000,1000,18,6,6,25,0.5,1,mixed,Model5,NA,NA,FALSE,54.22,50.51,58.22,49.72,53.31,46.11,72.51,42.79
10000,1000,18,6,6,25,0.75,1,mixed,Model4,NA,NA,FALSE,5.17,5.13,5.55,6.52,5.09,5.21,13.46,3.98
10000,1000,18,6,6,25,0.75,1,mixed,Model3,NA,NA,FALSE,99.06,100,99.51,99.99,98.41,99.99,100,99.93
10000,1000,18,6,6,25,0.75,1,mixed,Model7,NA,NA,FALSE,39.35,98.72,45.58,99.03,39.29,98.92,70.85,98.14
10000,1000,18,6,6,25,0.5,1,mixed,Model6,NA,NA,FALSE,65.29,59.6,69.35,59.71,64.86,55.75,81.98,51.55
10000,1000,18,6,6,25,0.75,1,normal,Model3,NA,NA,FALSE,100,100,99.99,100,100,100,100,100
10000,1000,18,6,6,25,0.75,1,mixed,Model6,NA,NA,FALSE,70.54,74.16,74.83,72.19,70.72,68.58,88.68,61.61
10000,1000,18,6,6,25,0.75,1,mixed,Model5,NA,NA,FALSE,58.62,65.33,62.41,62.41,58.38,58.28,80.3,51.97
10000,1000,15,8,7,25,0.75,1,mixed,Model1,NA,NA,FALSE,5.36,5.44,5.72,5.93,5.28,5.23,13.06,4.16
10000,1000,18,6,6,25,0.5,1,normal,Model7,NA,NA,FALSE,88.35,100,85.91,100,81.94,100,95.97,100
10000,1000,18,6,6,25,0.75,1,mixed,Model2,NA,NA,FALSE,36.78,71.57,40.58,68.59,32.82,65.5,66.68,61.32
10000,1000,18,6,6,25,0.75,1,normal,Model4,NA,NA,FALSE,5.06,4.84,4.98,4.85,4.51,4.7,10.07,3.45
10000,1000,15,8,7,25,0.75,1,lognormal,Model1,NA,NA,FALSE,5.05,5.42,5.18,5.36,3.71,4.94,8.93,4.63
10000,1000,15,8,7,25,0.5,1,lognormal,Model1,NA,NA,FALSE,5.01,5.27,5.21,5.34,3.72,4.9,8.94,4.71
10000,1000,15,8,7,25,0.5,1,mixed,Model1,NA,NA,FALSE,5.48,5.54,5.96,5.77,4.71,5.21,11.94,4.84
10000,1000,18,6,6,25,0.75,1,lognormal,Model5,NA,NA,FALSE,100,99.97,100,99.96,100,99.96,100,99.97
10000,1000,18,6,6,25,0.5,1,mixed,Model4,NA,NA,FALSE,5.34,5.4,5.86,6.14,4.62,5.17,11.9,4.28
10000,1000,21,5,4,25,0.75,1,normal,Model7,NA,NA,FALSE,100,100,99.97,100,99.93,100,100,100
10000,1000,21,5,4,25,0.5,1,normal,Model3,NA,NA,FALSE,99.48,99.98,98.96,99.81,97.55,99.82,99.85,99.77
10000,1000,21,5,4,25,0.5,1,lognormal,Model1,NA,NA,FALSE,5.21,5.13,5.12,5.09,3.28,4.35,8.1,4.26
10000,1000,21,5,4,25,0.5,1,normal,Model4,NA,NA,FALSE,5.07,5.15,5.06,5.31,4.34,4.78,9.29,3.93
10000,1000,21,5,4,25,0.5,1,mixed,Model3,NA,NA,FALSE,99.28,99.92,99.37,99.75,97.71,99.5,99.89,99.4
10000,1000,21,5,4,25,0.5,1,mixed,Model5,NA,NA,FALSE,61.69,58.25,62.65,52.85,56.06,45.61,74.78,44.64
10000,1000,21,5,4,25,0.75,1,lognormal,Model1,NA,NA,FALSE,5.28,5.2,5.22,5.43,3.25,4.6,8.24,4.49
10000,1000,21,5,4,25,0.75,1,lognormal,Model7,NA,NA,FALSE,100,100,100,100,99.98,100,100,100
10000,1000,21,5,4,25,0.75,1,lognormal,Model3,NA,NA,FALSE,100,100,100,100,100,100,100,100
10000,1000,21,5,4,25,0.75,1,mixed,Model5,NA,NA,FALSE,66.32,73.95,67.79,65.34,62.47,58.7,82.93,54.94
10000,1000,21,5,4,25,0.5,1,normal,Model7,NA,NA,FALSE,94.89,100,91.34,100,87.16,100,97.9,100
10000,1000,21,5,4,25,0.5,1,normal,Model2,NA,NA,FALSE,56.52,87.45,48.7,81.38,39.86,80.89,66.39,78.12
10000,1000,21,5,4,25,0.5,1,lognormal,Model2,NA,NA,FALSE,89.54,92.7,87.27,88.78,79.97,87.77,92.02,87.6
10000,1000,21,5,4,25,0.5,1,mixed,Model7,NA,NA,FALSE,50.71,98.98,53.26,98.82,43.24,98.06,69.82,97.64
10000,1000,21,5,4,25,0.5,1,mixed,Model1,NA,NA,FALSE,5.54,5.64,6.23,7.09,4.41,5.53,11.68,5.36
10000,1000,21,5,4,25,0.5,1,mixed,Model6,NA,NA,FALSE,73.95,69.36,75.5,63.1,69.69,56.24,85.27,54.17
10000,1000,21,5,4,25,0.5,1,mixed,Model2,NA,NA,FALSE,40.9,65.06,41.23,58.03,30.42,51.81,57.08,52.51
10000,1000,21,5,4,25,0.5,1,lognormal,Model7,NA,NA,FALSE,97.22,99.88,94.36,99.71,87.66,99.68,98.35,99.49
10000,1000,21,5,4,25,0.75,1,normal,Model3,NA,NA,FALSE,100,100,100,100,100,100,100,100
10000,1000,21,5,4,25,0.5,1,lognormal,Model6,NA,NA,FALSE,100,99.84,100,99.33,100,99.37,100,98.84
10000,1000,21,5,4,25,0.75,1,mixed,Model2,NA,NA,FALSE,44.88,82.87,46.24,73.38,35.49,66.64,71.12,65.47
10000,1000,21,5,4,25,0.75,1,lognormal,Model5,NA,NA,FALSE,100,100,100,100,100,100,100,100
10000,1000,21,5,4,25,0.5,1,lognormal,Model4,NA,NA,FALSE,5.19,5.1,5.3,5.22,3.7,5.02,8.46,4.43
10000,1000,21,5,4,25,0.75,1,mixed,Model4,NA,NA,FALSE,5,4.81,5.39,6.61,4.53,5.14,12.36,4.2
10000,1000,21,5,4,25,0.75,1,mixed,Model3,NA,NA,FALSE,99.86,100,99.88,99.99,99.47,99.99,100,99.99
10000,1000,21,5,4,25,0.5,1,lognormal,Model5,NA,NA,FALSE,100,98.75,100,96.5,99.95,96.53,100,95.69
10000,1000,21,5,4,25,0.5,1,normal,Model5,NA,NA,FALSE,59.71,60.33,56.47,50.96,52.08,48.88,69.6,43.43
10000,1000,21,5,4,25,0.75,1,normal,Model6,NA,NA,FALSE,96.7,97.05,95.05,92.82,93.51,92.59,97.86,89.08
10000,1000,21,5,4,25,0.5,1,normal,Model6,NA,NA,FALSE,72.13,70.43,69.07,60.74,64.89,58.5,80.08,51.6
10000,1000,21,5,4,25,0.75,1,mixed,Model6,NA,NA,FALSE,79.64,84.33,80.94,76.18,76.38,70.44,91.77,65.89
10000,1000,21,5,4,25,0.75,1,normal,Model2,NA,NA,FALSE,94.37,99.75,90.1,99.19,84.59,99.16,96.43,98.94
10000,1000,21,5,4,25,0.75,1,lognormal,Model2,NA,NA,FALSE,99.82,99.89,99.63,99.63,98.93,99.58,99.84,99.55
10000,1000,21,5,4,25,0.5,1,lognormal,Model3,NA,NA,FALSE,99.99,100,100,99.98,99.99,99.99,100,99.97
10000,1000,21,5,4,25,0.75,1,normal,Model5,NA,NA,FALSE,91.49,92.84,88.52,85.95,85.76,84.7,94.34,80.4
10000,1000,21,5,4,25,0.5,1,normal,Model1,NA,NA,FALSE,5.07,5.15,5.06,5.31,4.37,4.79,9.38,4.28
10000,1000,21,5,4,25,0.75,1,mixed,Model1,NA,NA,FALSE,5.33,5.51,5.86,7.13,4.62,5.26,13.31,5.01
10000,1000,21,5,4,25,0.5,1,mixed,Model4,NA,NA,FALSE,5.07,5.18,5.47,6.56,4.06,5.08,10.46,4.62
10000,1000,21,5,4,25,0.75,1,normal,Model4,NA,NA,FALSE,4.93,5.22,5.11,5.16,4.33,4.85,9.36,3.83
10000,1000,21,5,4,25,0.75,1,lognormal,Model6,NA,NA,FALSE,100,100,100,100,100,100,100,100
10000,1000,18,6,6,25,0.75,1,normal,Model5,NA,NA,FALSE,84.65,85.05,82.3,81.07,80.03,80.38,90.98,75.05
10000,1000,24,3,3,25,0.75,1,mixed,Model6,NA,NA,FALSE,85.48,90.28,84.95,66.96,72.13,45.16,NA,NA
10000,1000,18,6,6,25,0.5,1,normal,Model4,NA,NA,FALSE,5.22,4.82,4.91,4.99,4.41,4.73,10.08,3.38
10000,1000,24,3,3,25,0.75,1,normal,Model4,NA,NA,FALSE,5.05,4.97,4.88,5.13,2.96,4,NA,NA
10000,1000,24,3,3,25,0.5,1,mixed,Model6,NA,NA,FALSE,80.46,77.24,79.42,56.42,62.33,31.66,NA,NA
10000,1000,24,3,3,25,0.5,1,mixed,Model3,NA,NA,FALSE,99.89,99.99,98.81,90.7,95.17,92.62,NA,NA
10000,1000,24,3,3,25,0.5,1,mixed,Model4,NA,NA,FALSE,4.87,4.9,5.76,6.09,3.18,4.79,NA,NA
10000,1000,24,3,3,25,0.75,1,lognormal,Model2,NA,NA,FALSE,99.97,99.99,98.96,91.99,98.66,97.79,NA,NA
10000,1000,18,6,6,25,0.5,1,lognormal,Model4,NA,NA,FALSE,5.03,4.88,5.21,5.04,4.05,5.13,9.25,4.37
10000,1000,24,3,3,25,0.75,1,normal,Model5,NA,NA,FALSE,95.06,96.56,89.4,72.8,83.67,67.54,NA,NA
10000,1000,24,3,3,25,0.75,1,normal,Model3,NA,NA,FALSE,100,100,99.63,97.73,100,100,NA,NA
10000,1000,24,3,3,25,0.75,1,lognormal,Model5,NA,NA,FALSE,100,100,99.85,94.13,100,99.65,NA,NA
10000,1000,18,6,6,25,0.5,1,mixed,Model7,NA,NA,FALSE,42.63,96.51,48.41,98.08,40.25,97.58,68.15,96.99
10000,1000,24,3,3,25,0.75,1,mixed,Model3,NA,NA,FALSE,99.99,100,99.55,93.51,98.98,98.23,NA,NA
10000,1000,24,3,3,25,0.5,1,lognormal,Model7,NA,NA,FALSE,99.46,99.97,93.25,91.54,79.77,97.35,NA,NA
10000,1000,24,3,3,25,0.5,1,lognormal,Model3,NA,NA,FALSE,100,100,99.7,95.29,99.95,99.75,NA,NA
10000,1000,24,3,3,25,0.5,1,normal,Model6,NA,NA,FALSE,78.3,78.44,72.14,52.32,59.99,37.72,NA,NA
10000,1000,24,3,3,25,0.5,1,lognormal,Model1,NA,NA,FALSE,4.96,4.88,5,5.29,2.25,4.17,NA,NA
10000,1000,24,3,3,25,0.5,1,lognormal,Model2,NA,NA,FALSE,94.57,96.51,88.12,76.67,73.58,70.52,NA,NA
10000,1000,24,3,3,25,0.75,1,mixed,Model2,NA,NA,FALSE,53.08,89.41,52.15,62.09,27,36.13,NA,NA
10000,1000,24,3,3,25,0.75,1,lognormal,Model7,NA,NA,FALSE,100,100,99.2,97.62,99.94,100,NA,NA
10000,1000,18,6,6,25,0.5,1,normal,Model5,NA,NA,FALSE,51.83,50.57,50.36,47.37,47.74,46.57,65.16,40.61
10000,1000,24,3,3,25,0.75,1,normal,Model2,NA,NA,FALSE,98.05,100,90.56,90.08,80.3,96.69,NA,NA
10000,1000,21,5,4,25,0.75,1,normal,Model1,NA,NA,FALSE,4.93,5.22,5.11,5.16,4.31,4.87,9.35,4.23
10000,1000,24,3,3,25,0.5,1,lognormal,Model5,NA,NA,FALSE,100,99.67,99.25,83.89,99.87,85.09,NA,NA
10000,1000,24,3,3,25,0.75,1,mixed,Model1,NA,NA,FALSE,5.49,5.97,6.07,6.78,3.47,4.6,NA,NA
10000,1000,18,6,6,25,0.5,1,lognormal,Model7,NA,NA,FALSE,91.83,99.39,88.98,99.39,81.18,99.45,96.34,99.1
10000,1000,18,6,6,25,0.75,1,normal,Model7,NA,NA,FALSE,99.86,100,99.74,100,99.49,100,99.97,100
10000,1000,18,6,6,25,0.75,1,lognormal,Model7,NA,NA,FALSE,100,100,99.93,100,99.78,100,100,100
10000,1000,24,3,3,25,0.75,1,lognormal,Model4,NA,NA,FALSE,4.7,4.84,4.92,5.19,2.28,4.56,NA,NA
10000,1000,24,3,3,25,0.5,1,normal,Model3,NA,NA,FALSE,99.92,99.99,97.6,92.21,96.98,98.65,NA,NA
10000,1000,24,3,3,25,0.75,1,mixed,Model7,NA,NA,FALSE,55.06,99.98,55.91,90.69,34.84,93.9,NA,NA
10000,1000,24,3,3,25,0.5,1,normal,Model4,NA,NA,FALSE,4.84,4.94,5.1,5.17,3.01,4.09,NA,NA
10000,1000,24,3,3,25,0.75,1,lognormal,Model3,NA,NA,FALSE,100,100,99.93,98.6,100,100,NA,NA
10000,1000,24,3,3,25,0.5,1,normal,Model7,NA,NA,FALSE,98.13,100,91.36,98.16,82.54,99.99,NA,NA
10000,1000,24,3,3,25,0.5,1,normal,Model5,NA,NA,FALSE,67.71,68.9,60.56,44.77,48.11,29.56,NA,NA
10000,1000,24,3,3,25,0.75,1,normal,Model6,NA,NA,FALSE,98.5,99,95.26,79.07,92.75,78.88,NA,NA
10000,1000,21,5,4,25,0.75,1,mixed,Model7,NA,NA,FALSE,46.68,99.71,50.28,99.47,42.16,99.2,73.4,98.75
10000,1000,24,3,3,25,0.5,1,normal,Model2,NA,NA,FALSE,66.11,93.54,54.46,69.43,31.63,62.88,NA,NA
10000,1000,21,5,4,25,0.75,1,lognormal,Model4,NA,NA,FALSE,5.19,5.21,5.18,5.48,3.71,5.23,8.54,4.53
10000,1000,24,3,3,25,0.5,1,normal,Model1,NA,NA,FALSE,4.84,4.94,5.1,5.17,2.97,4.15,NA,NA
10000,1000,24,3,3,25,0.5,1,mixed,Model7,NA,NA,FALSE,60.09,99.77,58.51,89.05,33.13,90.01,NA,NA
10000,1000,24,3,3,25,0.75,1,mixed,Model5,NA,NA,FALSE,73.76,82.31,73.46,57.48,57.88,34.17,NA,NA
10000,1000,24,3,3,25,0.5,1,lognormal,Model4,NA,NA,FALSE,4.94,5.01,5.06,5.32,2.24,4.51,NA,NA
10000,1000,24,3,3,25,0.5,1,lognormal,Model6,NA,NA,FALSE,100,99.96,99.73,88.7,100,94.1,NA,NA
10000,1000,24,3,3,25,0.5,1,mixed,Model1,NA,NA,FALSE,5.62,5.73,6.19,6.85,3.13,4.78,NA,NA
10000,1000,24,3,3,25,0.75,1,normal,Model1,NA,NA,FALSE,5.05,4.97,4.88,5.13,3,4,NA,NA
10000,1000,18,6,6,25,0.5,1,lognormal,Model5,NA,NA,FALSE,99.96,95.94,99.94,94.98,99.88,95,99.99,93.69
10000,1000,24,3,3,25,0.5,1,mixed,Model2,NA,NA,FALSE,47.22,73.76,45.88,50.03,21.1,26.06,NA,NA
10000,1000,24,3,3,25,0.75,1,normal,Model7,NA,NA,FALSE,100,100,99.09,99.48,99.82,100,NA,NA
10000,1000,24,3,3,25,0.5,1,mixed,Model5,NA,NA,FALSE,68.7,66.73,67.59,47.43,48.95,25.01,NA,NA
10000,1000,18,6,6,25,0.5,1,lognormal,Model6,NA,NA,FALSE,100,99,100,98.78,100,98.84,100,98.14
10000,1000,24,3,3,25,0.75,1,lognormal,Model6,NA,NA,FALSE,100,100,99.91,96.32,100,100,NA,NA
10000,1000,18,6,6,25,0.75,1,normal,Model6,NA,NA,FALSE,92.33,92.39,90.68,89.31,89.17,89.17,95.99,83.74
10000,1000,24,3,3,25,0.75,1,lognormal,Model1,NA,NA,FALSE,4.79,5.01,4.86,5.14,1.98,4.06,NA,NA
10000,1000,18,6,6,25,0.75,1,lognormal,Model6,NA,NA,FALSE,100,100,100,100,100,100,100,100
10000,1000,24,3,3,25,0.75,1,mixed,Model4,NA,NA,FALSE,4.96,5.04,5.54,5.98,3.4,4.62,NA,NA
10000,1000,9,11,10,25,0.5,1,normal,Model1,NA,NA,FALSE,4.93,5.39,5.16,5.11,4.8,5.4,8.94,5.2
10000,1000,12,9,9,25,0.75,1,lognormal,Model7,NA,NA,FALSE,95.99,99.48,95.63,99.84,91.95,99.87,98.5,99.82
10000,1000,12,9,9,25,0.75,1,normal,Model7,NA,NA,FALSE,93.32,100,92.86,100,91.02,100,97.99,100
10000,1000,12,9,9,25,0.5,1,normal,Model7,NA,NA,FALSE,58.54,99.47,63.3,99.98,58.64,99.98,80.32,99.97
10000,1000,12,9,9,25,0.5,1,lognormal,Model7,NA,NA,FALSE,60.37,83.63,65.84,93.55,55.46,94.08,78.72,93.62
10000,1000,12,9,9,25,0.5,1,mixed,Model7,NA,NA,FALSE,25.9,72.73,35.92,92.07,30.06,91.93,52.52,90.43
10000,1000,12,9,9,25,0.75,1,mixed,Model7,NA,NA,FALSE,24.47,81.81,32.71,95.1,29.34,94.97,54.91,92.51
10000,1000,6,12,12,50,0.75,1,mixed,Model2,NA,NA,FALSE,13.76,14.43,19.12,19.29,15.22,22.25,35.48,19.06
10000,1000,6,12,12,50,0.5,1,lognormal,Model1,NA,NA,FALSE,6.26,6.17,4.95,4.88,3.18,5.87,9.52,6.72
10000,1000,6,12,12,50,0.75,1,lognormal,Model4,NA,NA,FALSE,6.31,6.24,5.19,4.94,3.62,6.6,10.03,7.89
10000,1000,6,12,12,50,0.5,1,mixed,Model3,NA,NA,FALSE,35.21,27.23,69.88,53.9,59.13,60.95,85.4,49.03
10000,1000,6,12,12,50,0.5,1,normal,Model4,NA,NA,FALSE,6.4,6.31,5.24,5.09,4.59,6.26,10.16,5.99
10000,1000,6,12,12,50,0.75,1,normal,Model2,NA,NA,FALSE,26.17,24.93,26.85,30.86,21.71,35.96,42.57,34.42
10000,1000,6,12,12,50,0.75,1,normal,Model1,NA,NA,FALSE,6.45,6.51,5.11,5.09,4.3,6.14,10.27,5.62
10000,1000,6,12,12,50,0.75,1,normal,Model6,NA,NA,FALSE,39.36,32.67,45.68,36.99,43.78,39.55,62.1,34.84
10000,1000,6,12,12,50,0.5,1,normal,Model1,NA,NA,FALSE,6.41,6.31,5.24,5.09,4.53,6.25,10.27,5.74
10000,1000,6,12,12,50,0.75,1,mixed,Model3,NA,NA,FALSE,39.43,32.95,70.12,63.74,61.34,73.82,88.66,52.4
10000,1000,6,12,12,50,0.5,1,normal,Model7,NA,NA,FALSE,55.81,95.19,90.17,99.99,88.82,100,98.53,100
10000,1000,6,12,12,50,0.5,1,mixed,Model5,NA,NA,FALSE,18.74,14.81,32.7,18.79,28.54,19.64,48.84,19.18
10000,1000,6,12,12,50,0.75,1,normal,Model3,NA,NA,FALSE,66.92,59.42,79.97,78.15,73.51,87.93,91.8,79.91
10000,1000,6,12,12,50,0.5,1,lognormal,Model3,NA,NA,FALSE,66.08,49.59,91.78,71.14,87,79.41,97,75.72
10000,1000,6,12,12,50,0.75,1,mixed,Model7,NA,NA,FALSE,18.76,46.4,39.3,96.43,34.68,99.71,67.21,99.31
10000,1000,6,12,12,50,0.5,1,mixed,Model4,NA,NA,FALSE,6.57,6.44,5.44,5.27,4.43,6.68,12.14,6.58
10000,1000,6,12,12,50,0.75,1,normal,Model7,NA,NA,FALSE,84.82,99.49,97.73,99.99,97.91,100,99.83,100
10000,1000,6,12,12,50,0.75,1,mixed,Model1,NA,NA,FALSE,6.56,6.65,5.55,5.44,5.26,5.9,13.3,4.94
10000,1000,6,12,12,50,0.75,1,mixed,Model5,NA,NA,FALSE,20.18,17.22,32.01,22.38,29.41,23.5,51.93,19.24
10000,1000,6,12,12,50,0.5,1,lognormal,Model5,NA,NA,FALSE,48.01,30.96,78.57,40.92,66.9,45.87,91.46,52.3
10000,1000,6,12,12,50,0.5,1,normal,Model2,NA,NA,FALSE,14.7,14.78,17.57,19.36,13.66,22.28,29.02,21.01
10000,1000,6,12,12,50,0.5,1,mixed,Model6,NA,NA,FALSE,23.41,17.82,41.42,22.87,37.05,23.71,58.22,20.78
10000,1000,6,12,12,50,0.75,1,lognormal,Model5,NA,NA,FALSE,83.31,54.6,94.8,62.93,90.51,68.54,99.06,73.99
10000,1000,6,12,12,50,0.5,1,mixed,Model1,NA,NA,FALSE,6.77,6.65,5.81,5.52,4.44,6.69,12.3,6.63
10000,1000,6,12,12,50,0.75,1,mixed,Model4,NA,NA,FALSE,6.61,6.73,5.36,5.71,5.36,5.83,12.91,5
10000,1000,6,12,12,50,0.5,1,lognormal,Model6,NA,NA,FALSE,61.45,37.94,91.69,50.58,84.3,55.49,98.3,56.69
10000,1000,6,12,12,50,0.75,1,lognormal,Model6,NA,NA,FALSE,92.67,65.3,99.29,74.17,98.14,79.44,99.97,80.21
10000,1000,6,12,12,50,0.75,1,lognormal,Model7,NA,NA,FALSE,64.27,73.35,80.2,94.84,70.09,99.21,93.02,99.35
10000,1000,6,12,12,50,0.75,1,normal,Model4,NA,NA,FALSE,6.42,6.52,5.11,5.09,4.28,6.21,10.21,5.9
10000,1000,6,12,12,50,0.5,1,lognormal,Model2,NA,NA,FALSE,27.66,21.9,42.42,29.71,31.87,31.86,57.49,37.92
10000,1000,6,12,12,50,0.5,1,lognormal,Model7,NA,NA,FALSE,34.1,42.43,56.59,84.27,43.3,94.42,75.72,95.48
10000,1000,6,12,12,50,0.5,1,normal,Model5,NA,NA,FALSE,19.09,16.09,26.04,18.88,23.36,20.52,39.55,19.83
10000,1000,6,12,12,50,0.75,1,lognormal,Model2,NA,NA,FALSE,51.85,40.72,62.51,48.74,52.06,53.77,77.36,59.17
10000,1000,6,12,12,50,0.5,1,normal,Model3,NA,NA,FALSE,36.73,33.02,57.51,56.89,48.72,66.58,74.92,55.6
10000,1000,6,12,12,50,0.5,1,lognormal,Model4,NA,NA,FALSE,6.31,6.17,5.18,4.93,3.56,6.1,9.99,7.39
10000,1000,6,12,12,50,0.75,1,lognormal,Model1,NA,NA,FALSE,6.36,6.31,5.19,5.14,3.12,6.05,9.63,6.83
10000,1000,6,12,12,50,0.75,1,lognormal,Model3,NA,NA,FALSE,91.49,77.07,98.65,88.65,97.67,94.9,99.75,92.97
10000,1000,6,12,12,50,0.5,1,mixed,Model2,NA,NA,FALSE,12.87,12.22,18.96,15.57,13.8,17.91,32.82,18.24
10000,1000,6,12,12,50,0.75,1,mixed,Model6,NA,NA,FALSE,25.58,20.83,40.93,27.77,38.06,28.43,61.31,21.22
10000,1000,6,12,12,50,0.75,1,normal,Model5,NA,NA,FALSE,32.24,27.35,37.35,29.87,35.29,32.8,53.43,31.29
10000,1000,9,11,10,50,0.5,1,lognormal,Model7,NA,NA,FALSE,60.03,89.08,76.41,99.54,66.01,99.78,88.24,99.72
10000,1000,6,12,12,50,0.5,1,mixed,Model7,NA,NA,FALSE,19.83,40.82,45.24,94.71,37.27,99.25,68.15,99.13
10000,1000,6,12,12,50,0.5,1,normal,Model6,NA,NA,FALSE,23.14,19.27,32.31,23.42,29.64,24.1,46.37,21.12
10000,1000,9,11,10,50,0.5,1,lognormal,Model5,NA,NA,FALSE,80.3,54.44,92.96,67.71,86.6,70.81,97.71,71.01
10000,1000,9,11,10,50,0.5,1,mixed,Model4,NA,NA,FALSE,5.44,5.42,5.56,5.52,4.72,5.55,11.07,4.79
10000,1000,9,11,10,50,0.5,1,mixed,Model7,NA,NA,FALSE,29.89,87.33,55.26,99.97,48.34,99.99,75.21,99.95
10000,1000,9,11,10,50,0.75,1,mixed,Model2,NA,NA,FALSE,17.36,24.36,23.22,34.1,19.46,35.99,41.75,29.93
10000,1000,9,11,10,50,0.75,1,normal,Model7,NA,NA,FALSE,99.69,100,99.98,100,99.95,100,100,100
10000,1000,9,11,10,50,0.5,1,normal,Model3,NA,NA,FALSE,60.1,67.64,73.85,87.51,66.97,90.66,87.5,84.83
10000,1000,9,11,10,50,0.75,1,normal,Model3,NA,NA,FALSE,93.78,95.1,95.8,98.94,93.2,99.41,98.97,98.34
10000,1000,9,11,10,50,0.75,1,lognormal,Model6,NA,NA,FALSE,99.95,93.37,100,96.86,99.97,97.53,100,96.43
10000,1000,9,11,10,50,0.5,1,lognormal,Model3,NA,NA,FALSE,89.87,82.21,98.07,95.7,96.2,96.59,99.41,95.37
10000,1000,9,11,10,50,0.5,1,normal,Model2,NA,NA,FALSE,19.76,25.67,21.76,35.64,18.29,39.1,34.94,35.05
10000,1000,9,11,10,50,0.75,1,mixed,Model6,NA,NA,FALSE,35.83,32.75,51.52,43.52,49.27,42.83,70.29,32.77
10000,1000,9,11,10,50,0.5,1,lognormal,Model4,NA,NA,FALSE,5.03,4.97,5.08,4.71,3.82,5.53,9.21,5.42
10000,1000,9,11,10,50,0.75,1,normal,Model5,NA,NA,FALSE,51.26,50.57,53.11,56.37,51.22,58.4,67.55,52.47
10000,1000,9,11,10,50,0.5,1,mixed,Model3,NA,NA,FALSE,57.32,55.51,82.31,84.68,75.2,86.82,93.08,78.54
10000,1000,9,11,10,50,0.5,1,lognormal,Model6,NA,NA,FALSE,91.76,63.77,98.88,78.77,96.71,81.62,99.75,79.35
10000,1000,9,11,10,50,0.5,1,normal,Model4,NA,NA,FALSE,5.27,5.48,4.92,5.22,4.55,5.68,9.5,4.44
10000,1000,9,11,10,50,0.5,1,mixed,Model6,NA,NA,FALSE,32.86,25.93,50.21,35.8,47.08,35.92,65.31,29.86
10000,1000,9,11,10,50,0.75,1,normal,Model6,NA,NA,FALSE,60.4,58.71,63.64,65.48,62.07,66.83,76.95,58.7
10000,1000,9,11,10,50,0.5,1,mixed,Model2,NA,NA,FALSE,15.78,18.17,22.81,26.91,18.13,28.21,36.74,26.44
10000,1000,9,11,10,50,0.75,1,lognormal,Model3,NA,NA,FALSE,99.61,98.41,99.92,99.79,99.84,99.86,99.99,99.79
10000,1000,9,11,10,50,0.75,1,mixed,Model5,NA,NA,FALSE,28.58,27.16,41.5,36.09,38.96,35.55,60.8,28.09
10000,1000,9,11,10,50,0.5,1,lognormal,Model2,NA,NA,FALSE,43.38,40.24,54.84,53.55,46.35,55.99,67.22,57.81
10000,1000,9,11,10,50,0.5,1,normal,Model6,NA,NA,FALSE,31.9,29.68,40.72,38.86,39.06,40.47,54.85,32.63
10000,1000,9,11,10,50,0.5,1,normal,Model7,NA,NA,FALSE,89.1,100,98.35,100,97.67,100,99.83,100
10000,1000,9,11,10,50,0.5,1,mixed,Model5,NA,NA,FALSE,26.64,21.33,40.49,29.62,37.02,29.49,55.88,26.23
10000,1000,9,11,10,50,0.75,1,normal,Model2,NA,NA,FALSE,41.28,51.84,40.4,61.72,34.51,66.39,56.86,61.49
10000,1000,9,11,10,50,0.75,1,lognormal,Model2,NA,NA,FALSE,77.18,72.51,80.94,80.76,74.3,82.55,89.32,83.46
10000,1000,9,11,10,50,0.75,1,mixed,Model4,NA,NA,FALSE,5.64,5.56,5.48,5.5,5.28,5.08,12.4,3.6
10000,1000,9,11,10,50,0.75,1,normal,Model4,NA,NA,FALSE,5.24,5.46,5.06,5.23,4.56,5.51,9.08,4.48
10000,1000,9,11,10,50,0.5,1,mixed,Model1,NA,NA,FALSE,5.73,5.57,5.65,5.73,4.74,5.72,11.33,4.84
10000,1000,9,11,10,50,0.5,1,normal,Model5,NA,NA,FALSE,27.62,26.43,33.48,32.92,31.7,34.78,46.63,29.72
10000,1000,9,11,10,50,0.75,1,lognormal,Model4,NA,NA,FALSE,5.08,5.12,5.01,4.78,3.7,5.49,9.29,5.45
10000,1000,9,11,10,50,0.75,1,mixed,Model7,NA,NA,FALSE,26.98,93.26,49.12,99.99,44.39,99.99,74.71,99.98
10000,1000,9,11,10,50,0.75,1,lognormal,Model5,NA,NA,FALSE,99.53,86.53,99.82,91.43,99.41,92.81,99.98,92.72
10000,1000,9,11,10,50,0.75,1,normal,Model1,NA,NA,FALSE,5.27,5.46,5.06,5.23,4.65,5.52,9.25,4.63
10000,1000,9,11,10,50,0.75,1,mixed,Model1,NA,NA,FALSE,5.62,5.48,5.64,5.68,5.19,5.2,12.66,3.8
10000,1000,9,11,10,50,0.75,1,lognormal,Model7,NA,NA,FALSE,93.72,99.75,96.66,100,93.32,100,99.3,100
10000,1000,9,11,10,50,0.5,1,lognormal,Model1,NA,NA,FALSE,5.21,5.17,5.11,4.85,3.48,5.06,9.23,5.07
10000,1000,9,11,10,50,0.75,1,lognormal,Model1,NA,NA,FALSE,5.14,5.1,5.04,5.01,3.24,5.07,9.01,5.15
10000,1000,9,11,10,50,0.75,1,mixed,Model3,NA,NA,FALSE,64.2,71.15,85.16,92.28,79.26,93.98,96.41,84.67
10000,1000,12,9,9,50,0.5,1,normal,Model5,NA,NA,FALSE,36.78,38.83,40.06,43.89,37.84,45.04,54.56,35.94
10000,1000,12,9,9,50,0.5,1,mixed,Model4,NA,NA,FALSE,5.18,5.52,5.66,6.06,4.72,5.83,12.02,4.17
10000,1000,12,9,9,50,0.75,1,normal,Model2,NA,NA,FALSE,59.79,79.46,55.16,82.25,48.37,84.5,72.64,79.1
10000,1000,12,9,9,50,0.5,1,mixed,Model3,NA,NA,FALSE,78.55,82.67,90.17,94.38,84.46,94.28,97.05,89.5
10000,1000,12,9,9,50,0.75,1,mixed,Model3,NA,NA,FALSE,85.47,94.77,93.47,98.47,89.03,98.38,99.26,94.49
10000,1000,12,9,9,50,0.5,1,mixed,Model1,NA,NA,FALSE,5.37,5.58,6.07,6.32,5,5.9,12.74,4.62
10000,1000,12,9,9,50,0.5,1,lognormal,Model4,NA,NA,FALSE,5.19,4.95,5.23,4.98,4.06,5.37,9.5,4.38
10000,1000,12,9,9,50,0.75,1,mixed,Model4,NA,NA,FALSE,5.13,5.32,5.7,5.96,5.27,5.43,13.5,3.21
10000,1000,12,9,9,50,0.75,1,lognormal,Model1,NA,NA,FALSE,5.15,4.85,5.16,4.89,3.68,4.73,9.46,4.18
10000,1000,12,9,9,50,0.75,1,lognormal,Model6,NA,NA,FALSE,100,99.6,100,99.8,100,99.82,100,99.51
10000,1000,12,9,9,50,0.75,1,lognormal,Model4,NA,NA,FALSE,5.17,5.02,5.43,4.9,4.07,5.32,9.81,4.4
10000,1000,12,9,9,50,0.5,1,normal,Model2,NA,NA,FALSE,26.45,42.22,26.74,49.55,22.72,51.97,42.39,45.09
10000,1000,12,9,9,50,0.5,1,mixed,Model6,NA,NA,FALSE,44.91,38.03,56.76,45.31,52.74,43.34,71.71,35.11
10000,1000,12,9,9,50,0.75,1,normal,Model5,NA,NA,FALSE,67.6,74.23,66.81,76.31,64.96,77.17,79.79,68.67
10000,1000,12,9,9,50,0.5,1,lognormal,Model1,NA,NA,FALSE,5.16,4.7,5.06,4.76,3.46,4.79,9.14,4.24
10000,1000,12,9,9,50,0.5,1,normal,Model3,NA,NA,FALSE,81.22,90.97,85.9,96.6,80.85,97.26,94.69,94.48
10000,1000,12,9,9,50,0.75,1,normal,Model1,NA,NA,FALSE,4.74,4.81,4.83,5,4.42,5.27,9.32,3.83
10000,1000,12,9,9,50,0.75,1,mixed,Model1,NA,NA,FALSE,5.3,5.42,5.91,6.22,5.39,5.6,14.02,3.72
10000,1000,12,9,9,50,0.5,1,normal,Model6,NA,NA,FALSE,45.52,46.89,49.84,52.91,48.08,53.76,64.27,41.77
10000,1000,12,9,9,50,0.75,1,lognormal,Model3,NA,NA,FALSE,100,99.99,100,100,99.99,100,100,100
10000,1000,12,9,9,50,0.75,1,lognormal,Model2,NA,NA,FALSE,91.52,91.2,91.85,93.55,87.97,93.94,96.26,93.11
10000,1000,12,9,9,50,0.5,1,mixed,Model2,NA,NA,FALSE,20.07,28.56,26.12,36.44,20.38,36.05,43.12,31.92
10000,1000,12,9,9,50,0.75,1,normal,Model4,NA,NA,FALSE,4.74,4.81,4.83,5,4.34,5.23,9.14,3.47
10000,1000,12,9,9,50,0.75,1,normal,Model6,NA,NA,FALSE,78.37,82.12,77.94,84.56,76.42,84.86,88.58,75.85
10000,1000,12,9,9,50,0.5,1,mixed,Model5,NA,NA,FALSE,36.39,31.26,46.81,38.12,43.02,36.26,62.62,30.28
10000,1000,12,9,9,50,0.75,1,normal,Model3,NA,NA,FALSE,99.4,99.84,99.45,99.97,98.9,100,99.93,99.86
10000,1000,12,9,9,50,0.5,1,lognormal,Model5,NA,NA,FALSE,96.12,75.21,98.31,82.51,96.04,83.7,99.72,80.3
10000,1000,12,9,9,50,0.75,1,mixed,Model5,NA,NA,FALSE,39.47,40.86,49.17,46.39,46,44.11,68.54,34.19
10000,1000,12,9,9,50,0.5,1,lognormal,Model2,NA,NA,FALSE,58.9,60.49,64.75,69.65,57.02,70.1,76.71,68.78
10000,1000,12,9,9,50,0.5,1,lognormal,Model6,NA,NA,FALSE,99.54,86.2,99.89,91.39,99.59,91.78,100,88.52
10000,1000,12,9,9,50,0.75,1,mixed,Model2,NA,NA,FALSE,22.53,40.73,28.21,47.48,23.35,47.75,50.96,38.69
10000,1000,12,9,9,50,0.75,1,mixed,Model6,NA,NA,FALSE,48.69,48.7,59.93,54.38,56.74,52.46,78.13,40.17
10000,1000,12,9,9,50,0.75,1,lognormal,Model5,NA,NA,FALSE,100,97.89,100,98.4,100,98.55,100,97.89
10000,1000,12,9,9,50,0.5,1,lognormal,Model3,NA,NA,FALSE,98,96.62,99.41,99.26,98.94,99.37,99.85,98.7
10000,1000,15,8,7,50,0.75,1,normal,Model5,NA,NA,FALSE,80.23,89.29,78.17,88.22,75.58,88.28,88.91,80.62
10000,1000,12,9,9,50,0.5,1,normal,Model4,NA,NA,FALSE,4.74,4.94,4.82,4.87,4.31,4.96,9.46,3.28
10000,1000,15,8,7,50,0.75,1,lognormal,Model5,NA,NA,FALSE,100,99.77,100,99.7,100,99.78,100,99.47
10000,1000,15,8,7,50,0.75,1,normal,Model7,NA,NA,FALSE,100,100,100,100,100,100,100,100
10000,1000,15,8,7,50,0.5,1,mixed,Model5,NA,NA,FALSE,44.99,41.01,52.17,44.35,48.58,41.95,68.22,34.11
10000,1000,15,8,7,50,0.75,1,lognormal,Model7,NA,NA,FALSE,100,100,100,100,99.97,100,100,100
10000,1000,15,8,7,50,0.75,1,normal,Model3,NA,NA,FALSE,99.98,99.99,99.97,100,99.92,100,100,99.99
10000,1000,15,8,7,50,0.75,1,lognormal,Model2,NA,NA,FALSE,97.55,98.07,96.92,98.24,94.61,98.24,98.85,97.61
10000,1000,12,9,9,50,0.5,1,normal,Model1,NA,NA,FALSE,4.74,4.94,4.82,4.87,4.35,5.06,9.52,3.62
10000,1000,15,8,7,50,0.75,1,mixed,Model3,NA,NA,FALSE,95.56,99.61,98.04,99.73,95.92,99.7,99.89,98.52
10000,1000,15,8,7,50,0.5,1,normal,Model5,NA,NA,FALSE,45.84,53.52,46.41,55.16,44.35,54.98,62.78,43.66
10000,1000,15,8,7,50,0.75,1,mixed,Model6,NA,NA,FALSE,61.01,63.33,68.66,64.71,65.33,61.75,84.9,48.28
10000,1000,15,8,7,50,0.5,1,lognormal,Model7,NA,NA,FALSE,95.01,99.99,95.66,100,92.05,100,99.14,100
10000,1000,15,8,7,50,0.75,1,mixed,Model1,NA,NA,FALSE,5.5,5.5,5.7,6.12,5.25,5.34,13.78,3.47
10000,1000,15,8,7,50,0.75,1,lognormal,Model3,NA,NA,FALSE,100,100,100,100,100,100,100,100
10000,1000,15,8,7,50,0.75,1,mixed,Model5,NA,NA,FALSE,48.74,53.6,55.59,54.52,52.49,51.7,75.52,39.9
10000,1000,15,8,7,50,0.5,1,normal,Model7,NA,NA,FALSE,99.95,100,99.97,100,99.95,100,99.99,100
10000,1000,15,8,7,50,0.5,1,lognormal,Model2,NA,NA,FALSE,72.19,76.02,74,79.57,67.14,79.2,85.01,76.9
10000,1000,15,8,7,50,0.5,1,normal,Model6,NA,NA,FALSE,57.3,62.29,58.69,63.92,56.88,63.71,72.99,50.54
10000,1000,15,8,7,50,0.5,1,normal,Model3,NA,NA,FALSE,93.08,98.19,93.31,99.21,89.93,99.44,98.66,98.35
10000,1000,15,8,7,50,0.5,1,lognormal,Model4,NA,NA,FALSE,5.67,5.63,5.17,5.28,4.1,5.73,10.25,4.47
10000,1000,15,8,7,50,0.5,1,normal,Model2,NA,NA,FALSE,35.75,59.91,33.34,62.62,28.71,64.29,52.26,56.23
10000,1000,15,8,7,50,0.75,1,mixed,Model7,NA,NA,FALSE,50.6,99.99,63.83,100,58.53,100,88.66,99.99
10000,1000,15,8,7,50,0.5,1,mixed,Model3,NA,NA,FALSE,91.04,95.25,95.43,98.14,91.9,97.98,99.07,95.01
10000,1000,15,8,7,50,0.5,1,mixed,Model2,NA,NA,FALSE,26.36,40.4,30.22,44.35,23.83,42.66,49.49,37.01
10000,1000,15,8,7,50,0.75,1,normal,Model4,NA,NA,FALSE,4.99,5.06,5.01,5.02,4.7,5.27,10.54,3.28
10000,1000,15,8,7,50,0.5,1,mixed,Model1,NA,NA,FALSE,5.61,5.32,6.01,6.12,5,5.47,12.66,4.17
10000,1000,15,8,7,50,0.75,1,normal,Model6,NA,NA,FALSE,89.35,94.17,88.15,93.65,86.67,93.67,94.97,87.17
10000,1000,15,8,7,50,0.75,1,normal,Model2,NA,NA,FALSE,76.18,94.05,69.73,94.06,63.07,94.61,86.41,91.19
10000,1000,15,8,7,50,0.75,1,mixed,Model2,NA,NA,FALSE,29.03,57.31,32.98,58.48,27.41,56.52,58.85,46.17
10000,1000,15,8,7,50,0.75,1,lognormal,Model4,NA,NA,FALSE,5.51,5.58,5.05,5.35,4.04,5.4,9.81,4.17
10000,1000,15,8,7,50,0.5,1,normal,Model1,NA,NA,FALSE,5.13,5.34,5.09,5.12,4.5,5.19,10.34,3.69
10000,1000,15,8,7,50,0.75,1,normal,Model1,NA,NA,FALSE,4.99,5.06,5.01,5.02,4.65,5.25,10.67,3.77
10000,1000,15,8,7,50,0.5,1,lognormal,Model3,NA,NA,FALSE,99.73,99.46,99.91,99.77,99.72,99.81,99.98,99.54
10000,1000,18,6,6,50,0.75,1,mixed,Model2,NA,NA,FALSE,37.03,72.39,39.91,67.73,31.98,64.34,68.23,55.14
10000,1000,15,8,7,50,0.5,1,mixed,Model4,NA,NA,FALSE,5.34,5.23,5.53,5.8,4.74,5.14,12,3.4
10000,1000,18,6,6,50,0.75,1,lognormal,Model3,NA,NA,FALSE,100,100,100,100,100,100,100,100
10000,1000,18,6,6,50,0.5,1,lognormal,Model3,NA,NA,FALSE,99.95,99.91,99.97,99.9,99.94,99.94,100,99.88
10000,1000,18,6,6,50,0.75,1,lognormal,Model4,NA,NA,FALSE,5.26,5.17,5.05,5.06,4.01,5.05,10.19,3.94
10000,1000,18,6,6,50,0.5,1,mixed,Model2,NA,NA,FALSE,32.85,53.04,35.62,52.15,27.62,48.7,56.73,43.38
10000,1000,15,8,7,50,0.5,1,lognormal,Model6,NA,NA,FALSE,100,95.81,99.99,96.7,99.97,96.93,100,94.47
10000,1000,18,6,6,50,0.75,1,mixed,Model4,NA,NA,FALSE,5.11,5.31,5.78,6.47,5.13,5.3,14.28,3.17
10000,1000,18,6,6,50,0.75,1,normal,Model3,NA,NA,FALSE,100,100,100,100,100,100,100,100
10000,1000,15,8,7,50,0.5,1,mixed,Model7,NA,NA,FALSE,57.51,99.95,70.32,100,63.11,100,88.21,99.99
10000,1000,15,8,7,50,0.75,1,lognormal,Model6,NA,NA,FALSE,100,99.99,100,99.97,100,99.96,100,99.91
10000,1000,18,6,6,50,0.75,1,normal,Model4,NA,NA,FALSE,5.57,5.64,5.34,5.32,4.73,5.26,11.44,3.1
10000,1000,18,6,6,50,0.5,1,normal,Model2,NA,NA,FALSE,45.23,74.23,41.73,72.5,35.33,73.18,62.84,65.55
10000,1000,15,8,7,50,0.5,1,normal,Model4,NA,NA,FALSE,5.13,5.34,5.09,5.12,4.59,5.12,10.25,3.26
10000,1000,18,6,6,50,0.75,1,mixed,Model1,NA,NA,FALSE,5.4,5.86,6.05,6.9,5.22,5.57,14.78,4.01
10000,1000,18,6,6,50,0.75,1,normal,Model1,NA,NA,FALSE,5.57,5.64,5.34,5.32,4.74,5.19,11.51,3.59
10000,1000,18,6,6,50,0.75,1,mixed,Model3,NA,NA,FALSE,98.92,99.97,99.34,99.93,98.36,99.93,99.99,99.55
10000,1000,18,6,6,50,0.5,1,normal,Model1,NA,NA,FALSE,5.47,5.52,5.22,5.51,4.74,5.33,11.25,3.58
10000,1000,15,8,7,50,0.5,1,mixed,Model6,NA,NA,FALSE,56.12,49.2,64.15,52.95,60.53,50.21,78.22,40.33
10000,1000,18,6,6,50,0.5,1,lognormal,Model2,NA,NA,FALSE,82.91,87.53,82.22,86.84,75.36,85.92,91.41,83.84
10000,1000,15,8,7,50,0.75,1,lognormal,Model1,NA,NA,FALSE,5.3,5.18,4.87,5.17,3.49,4.59,9.61,3.97
10000,1000,18,6,6,50,0.75,1,lognormal,Model2,NA,NA,FALSE,99.46,99.63,99.26,99.44,98.38,99.37,99.74,99.22
10000,1000,18,6,6,50,0.5,1,mixed,Model3,NA,NA,FALSE,96.87,98.95,97.92,99.16,95.59,98.85,99.73,97.7
10000,1000,18,6,6,50,0.5,1,normal,Model3,NA,NA,FALSE,97.93,99.82,97.47,99.84,95.72,99.86,99.72,99.41
10000,1000,18,6,6,50,0.5,1,lognormal,Model1,NA,NA,FALSE,5.25,5.25,5.12,5.29,3.62,4.57,9.98,3.95
10000,1000,18,6,6,50,0.75,1,lognormal,Model5,NA,NA,FALSE,100,99.99,100,99.96,100,99.97,100,99.91
10000,1000,18,6,6,50,0.75,1,normal,Model2,NA,NA,FALSE,88.1,98.59,82.35,97.68,76.59,97.93,94.67,96.33
10000,1000,18,6,6,50,0.75,1,mixed,Model7,NA,NA,FALSE,63.14,100,72.45,100,65.51,100,94.22,100
10000,1000,15,8,7,50,0.5,1,lognormal,Model1,NA,NA,FALSE,5.67,5.35,5.2,5.24,3.72,4.93,9.97,4.2
10000,1000,18,6,6,50,0.75,1,lognormal,Model1,NA,NA,FALSE,5.19,5.09,5.15,5.21,3.52,4.67,10.03,4
10000,1000,18,6,6,50,0.75,1,mixed,Model5,NA,NA,FALSE,58.42,65.84,62.38,61.45,58.14,57.1,82.06,46.2
10000,1000,18,6,6,50,0.5,1,mixed,Model1,NA,NA,FALSE,5.65,5.8,6.43,6.41,4.93,5.23,13.49,4.05
10000,1000,18,6,6,50,0.5,1,mixed,Model5,NA,NA,FALSE,53.9,50.27,57.93,49.56,52.94,45.26,74.1,38.1
10000,1000,18,6,6,50,0.5,1,normal,Model7,NA,NA,FALSE,100,100,100,100,100,100,100,100
10000,1000,18,6,6,50,0.5,1,mixed,Model6,NA,NA,FALSE,66.64,61.03,71.11,60.15,66.29,55.62,84.28,46.43
10000,1000,15,8,7,50,0.75,1,mixed,Model4,NA,NA,FALSE,5.3,5.16,5.47,6.08,5.24,5.31,13.18,2.98
10000,1000,15,8,7,50,0.5,1,lognormal,Model5,NA,NA,FALSE,99.63,89.35,99.74,90.99,99.14,91.06,99.94,87.75
10000,1000,18,6,6,50,0.75,1,mixed,Model6,NA,NA,FALSE,71.51,75.91,75.76,72.51,72.31,68.19,90.56,55.64
10000,1000,18,6,6,50,0.5,1,normal,Model5,NA,NA,FALSE,55.44,67.47,54.89,63.77,51.77,62.9,70.91,52.01
10000,1000,18,6,6,50,0.5,1,mixed,Model7,NA,NA,FALSE,71.44,100,78.49,100,70.18,100,93.68,100
10000,1000,18,6,6,50,0.5,1,lognormal,Model5,NA,NA,FALSE,99.99,96.09,99.98,95.04,99.88,95.26,100,92.67
10000,1000,18,6,6,50,0.5,1,normal,Model4,NA,NA,FALSE,5.47,5.52,5.22,5.51,4.75,5.33,11.25,3.21
10000,1000,18,6,6,50,0.5,1,mixed,Model4,NA,NA,FALSE,5.13,5.11,5.88,6.19,4.67,5.12,12.65,3.53
10000,1000,21,5,4,50,0.5,1,mixed,Model3,NA,NA,FALSE,99.04,99.83,99.24,99.48,97.74,99.08,NA,NA
10000,1000,18,6,6,50,0.75,1,normal,Model5,NA,NA,FALSE,89.08,96.53,86.32,94.68,84.15,94.36,94.67,89.43
10000,1000,21,5,4,50,0.75,1,lognormal,Model1,NA,NA,FALSE,5.13,5.12,5.22,4.71,3.32,3.95,NA,NA
10000,1000,21,5,4,50,0.75,1,mixed,Model5,NA,NA,FALSE,67.84,75.2,69.76,63.92,64.61,56.85,NA,NA
10000,1000,21,5,4,50,0.5,1,normal,Model3,NA,NA,FALSE,99.5,99.96,99.09,99.9,98.07,99.89,NA,NA
10000,1000,21,5,4,50,0.75,1,normal,Model2,NA,NA,FALSE,95.32,99.75,90.58,98.75,84.58,98.91,NA,NA
10000,1000,21,5,4,50,0.5,1,lognormal,Model7,NA,NA,FALSE,99.87,100,99.69,100,98.95,100,NA,NA
10000,1000,18,6,6,50,0.5,1,lognormal,Model4,NA,NA,FALSE,5.18,5.34,5.27,5.09,3.95,4.85,10.12,3.64
10000,1000,21,5,4,50,0.75,1,lognormal,Model6,NA,NA,FALSE,100,100,100,100,100,100,NA,NA
10000,1000,21,5,4,50,0.5,1,mixed,Model4,NA,NA,FALSE,5.18,5.06,5.61,6.77,4.18,5.34,NA,NA
10000,1000,18,6,6,50,0.75,1,lognormal,Model7,NA,NA,FALSE,100,100,100,100,100,100,100,100
10000,1000,21,5,4,50,0.5,1,normal,Model2,NA,NA,FALSE,55.79,85.58,49.13,76.09,40.1,75.77,NA,NA
10000,1000,21,5,4,50,0.75,1,normal,Model7,NA,NA,FALSE,100,100,100,100,100,100,NA,NA
10000,1000,21,5,4,50,0.75,1,normal,Model6,NA,NA,FALSE,98.05,99.6,96.76,98.61,95.55,98.6,NA,NA
10000,1000,21,5,4,50,0.75,1,lognormal,Model7,NA,NA,FALSE,100,100,100,100,100,100,NA,NA
10000,1000,21,5,4,50,0.5,1,lognormal,Model6,NA,NA,FALSE,100,99.83,100,98.98,100,98.94,NA,NA
10000,1000,21,5,4,50,0.5,1,normal,Model6,NA,NA,FALSE,75.58,86,72.56,76.2,68.73,74.39,NA,NA
10000,1000,18,6,6,50,0.5,1,lognormal,Model7,NA,NA,FALSE,99.14,100,98.88,99.99,97.46,100,99.88,99.99
10000,1000,21,5,4,50,0.5,1,mixed,Model2,NA,NA,FALSE,40.62,64.8,41.72,54.81,30.42,48.15,NA,NA
10000,1000,21,5,4,50,0.5,1,lognormal,Model2,NA,NA,FALSE,90.55,93.65,88.79,89.13,81.31,87.59,NA,NA
10000,1000,21,5,4,50,0.75,1,mixed,Model6,NA,NA,FALSE,79.52,84.71,81.1,73.49,76.32,66.11,NA,NA
10000,1000,21,5,4,50,0.5,1,mixed,Model1,NA,NA,FALSE,5.43,5.59,6.1,7.21,4.37,5.45,NA,NA
10000,1000,21,5,4,50,0.75,1,mixed,Model7,NA,NA,FALSE,75.09,100,79.36,100,71.65,100,NA,NA
10000,1000,21,5,4,50,0.5,1,normal,Model1,NA,NA,FALSE,5.38,5.21,5.13,5.39,4.42,5,NA,NA
10000,1000,21,5,4,50,0.75,1,mixed,Model4,NA,NA,FALSE,5.19,5.04,5.38,7.17,4.54,5.35,NA,NA
10000,1000,21,5,4,50,0.75,1,lognormal,Model5,NA,NA,FALSE,100,100,100,99.97,100,99.99,NA,NA
10000,1000,21,5,4,50,0.5,1,lognormal,Model4,NA,NA,FALSE,5.11,5.08,5.35,5.22,3.87,4.95,NA,NA
10000,1000,21,5,4,50,0.75,1,mixed,Model2,NA,NA,FALSE,45.1,83.58,46.82,70.12,36.59,63.06,NA,NA
10000,1000,21,5,4,50,0.75,1,lognormal,Model2,NA,NA,FALSE,99.96,99.95,99.78,99.84,99.23,99.72,NA,NA
10000,1000,21,5,4,50,0.75,1,normal,Model1,NA,NA,FALSE,5.3,5.16,5.29,5.1,4.43,4.73,NA,NA
10000,1000,21,5,4,50,0.5,1,normal,Model7,NA,NA,FALSE,100,100,100,100,100,100,NA,NA
10000,1000,21,5,4,50,0.75,1,mixed,Model3,NA,NA,FALSE,99.82,100,99.87,99.95,99.51,99.93,NA,NA
10000,1000,21,5,4,50,0.5,1,normal,Model5,NA,NA,FALSE,64.82,78.01,61.79,66.91,57.17,65.15,NA,NA
10000,1000,21,5,4,50,0.5,1,lognormal,Model5,NA,NA,FALSE,100,98.86,100,96.06,99.96,95.84,NA,NA
10000,1000,21,5,4,50,0.75,1,mixed,Model1,NA,NA,FALSE,5.33,5.76,5.57,7.57,4.59,5.52,NA,NA
10000,1000,18,6,6,50,0.75,1,normal,Model7,NA,NA,FALSE,100,100,100,100,100,100,100,100
10000,1000,21,5,4,50,0.5,1,mixed,Model5,NA,NA,FALSE,63.13,59.67,64.62,52.33,58.58,45.33,NA,NA
10000,1000,21,5,4,50,0.75,1,normal,Model3,NA,NA,FALSE,100,100,100,100,100,100,NA,NA
10000,1000,21,5,4,50,0.75,1,lognormal,Model4,NA,NA,FALSE,5.14,4.91,5.27,5.18,3.69,4.75,NA,NA
10000,1000,21,5,4,50,0.75,1,normal,Model5,NA,NA,FALSE,94.52,98.97,92.17,96.46,89.97,96.12,NA,NA
10000,1000,21,5,4,50,0.5,1,mixed,Model7,NA,NA,FALSE,82.88,100,84.76,100,76.26,100,NA,NA
10000,1000,21,5,4,50,0.75,1,normal,Model4,NA,NA,FALSE,5.3,5.16,5.29,5.1,4.41,4.79,NA,NA
10000,1000,21,5,4,50,0.5,1,normal,Model4,NA,NA,FALSE,5.38,5.21,5.13,5.39,4.36,4.93,NA,NA
10000,1000,21,5,4,50,0.75,1,lognormal,Model3,NA,NA,FALSE,100,100,100,100,100,100,NA,NA
10000,1000,21,5,4,50,0.5,1,lognormal,Model1,NA,NA,FALSE,4.81,4.92,5.26,5.1,3.24,4.34,NA,NA
10000,1000,18,6,6,50,0.75,1,lognormal,Model6,NA,NA,FALSE,100,100,100,100,100,100,100,99.98
10000,1000,18,6,6,50,0.5,1,normal,Model6,NA,NA,FALSE,67.64,77.24,66.72,73.75,63.91,72.9,80.95,61.55
10000,1000,24,3,3,50,0.75,1,mixed,Model6,NA,NA,FALSE,85.99,90.91,85.57,59.06,73.06,33.63,NA,NA
10000,1000,24,3,3,50,0.75,1,normal,Model7,NA,NA,FALSE,100,100,99.95,99.95,100,100,NA,NA
10000,1000,21,5,4,50,0.5,1,mixed,Model6,NA,NA,FALSE,73.68,69.59,75.22,61.01,69.55,53.54,NA,NA
10000,1000,24,3,3,50,0.5,1,normal,Model1,NA,NA,FALSE,5.38,5.08,5.2,5.02,2.98,4.13,NA,NA
10000,1000,24,3,3,50,0.75,1,normal,Model5,NA,NA,FALSE,97.22,99.78,93.61,77.87,88.36,79.26,NA,NA
10000,1000,18,6,6,50,0.5,1,lognormal,Model6,NA,NA,FALSE,100,99.27,100,99.19,100,99.05,100,97.77
10000,1000,24,3,3,50,0.5,1,mixed,Model6,NA,NA,FALSE,81.1,77.61,80.14,50.49,63.87,24.5,NA,NA
10000,1000,24,3,3,50,0.75,1,lognormal,Model6,NA,NA,FALSE,100,100,99.99,93.3,100,99.83,NA,NA
10000,1000,24,3,3,50,0.5,1,normal,Model4,NA,NA,FALSE,5.38,5.08,5.2,5.02,2.95,4.13,NA,NA
10000,1000,24,3,3,50,0.5,1,lognormal,Model1,NA,NA,FALSE,5.17,5.1,5.19,5.36,1.88,4.57,NA,NA
10000,1000,24,3,3,50,0.75,1,normal,Model6,NA,NA,FALSE,99.27,99.95,96.86,82.09,95,87.18,NA,NA
10000,1000,21,5,4,50,0.5,1,lognormal,Model3,NA,NA,FALSE,100,99.98,99.98,99.97,99.98,99.95,NA,NA
10000,1000,24,3,3,50,0.75,1,mixed,Model5,NA,NA,FALSE,74.2,82.86,73.75,50.09,58.59,25.5,NA,NA
10000,1000,24,3,3,50,0.75,1,mixed,Model4,NA,NA,FALSE,5.39,5.34,6.14,6.33,3.69,4.78,NA,NA
10000,1000,24,3,3,50,0.75,1,lognormal,Model2,NA,NA,FALSE,99.97,99.99,99.2,87.38,98.97,95.64,NA,NA
10000,1000,24,3,3,50,0.5,1,lognormal,Model7,NA,NA,FALSE,99.99,100,98.51,97.21,97.47,99.99,NA,NA
10000,1000,24,3,3,50,0.5,1,lognormal,Model3,NA,NA,FALSE,100,100,99.82,91.9,99.97,98.88,NA,NA
10000,1000,24,3,3,50,0.5,1,normal,Model5,NA,NA,FALSE,72.47,85.79,65.49,52.08,51.31,34.59,NA,NA
10000,1000,18,6,6,50,0.75,1,normal,Model6,NA,NA,FALSE,95.39,98.65,94.24,97.85,93.18,97.88,98.22,94.68
10000,1000,24,3,3,50,0.75,1,lognormal,Model1,NA,NA,FALSE,5.17,5.27,5.14,5.13,1.79,4.15,NA,NA
10000,1000,24,3,3,50,0.5,1,mixed,Model1,NA,NA,FALSE,5.8,5.69,6.99,6.76,3.24,5.14,NA,NA
10000,1000,24,3,3,50,0.75,1,mixed,Model2,NA,NA,FALSE,54.17,90.86,52.78,54.58,27.27,26.2,NA,NA
10000,1000,24,3,3,50,0.5,1,normal,Model6,NA,NA,FALSE,82.22,91.93,75.53,59.05,63.79,43.52,NA,NA
10000,1000,24,3,3,50,0.75,1,lognormal,Model4,NA,NA,FALSE,5.23,5.29,5.24,5.18,2.07,4.53,NA,NA
10000,1000,24,3,3,50,0.75,1,mixed,Model3,NA,NA,FALSE,100,100,99.71,89.16,98.86,93.08,NA,NA
10000,1000,24,3,3,50,0.75,1,normal,Model4,NA,NA,FALSE,5.38,5.33,5.11,5.33,3.19,4.31,NA,NA
10000,1000,24,3,3,50,0.5,1,mixed,Model5,NA,NA,FALSE,69.15,67.43,68.55,42.08,50.01,18.95,NA,NA
10000,1000,24,3,3,50,0.75,1,mixed,Model1,NA,NA,FALSE,5.9,6.08,6.71,7.13,3.79,4.73,NA,NA
10000,1000,24,3,3,50,0.5,1,mixed,Model4,NA,NA,FALSE,5.3,5.02,6.38,6.11,3.19,4.97,NA,NA
10000,1000,24,3,3,50,0.5,1,normal,Model3,NA,NA,FALSE,99.97,100,97.58,89.94,96.6,97.97,NA,NA
10000,1000,24,3,3,50,0.75,1,normal,Model3,NA,NA,FALSE,100,100,99.83,96.66,100,100,NA,NA
10000,1000,24,3,3,50,0.5,1,lognormal,Model5,NA,NA,FALSE,100,99.74,99.5,76.6,99.93,74.73,NA,NA
10000,1000,24,3,3,50,0.5,1,mixed,Model2,NA,NA,FALSE,48.06,74.47,46.65,44.06,21.12,19.32,NA,NA
10000,1000,24,3,3,50,0.75,1,mixed,Model7,NA,NA,FALSE,83.79,100,83.33,97.42,62.75,99.99,NA,NA
10000,1000,24,3,3,50,0.5,1,lognormal,Model2,NA,NA,FALSE,94.64,96.89,89.39,68.28,73.47,59.96,NA,NA
10000,1000,24,3,3,50,0.75,1,lognormal,Model7,NA,NA,FALSE,100,100,99.8,99.28,100,100,NA,NA
10000,1000,24,3,3,50,0.5,1,lognormal,Model4,NA,NA,FALSE,5.22,5.17,5.32,5.43,2.04,4.8,NA,NA
10000,1000,24,3,3,50,0.75,1,lognormal,Model5,NA,NA,FALSE,100,100,99.96,91.35,100,98.79,NA,NA
10000,1000,24,3,3,50,0.5,1,normal,Model2,NA,NA,FALSE,64.32,92.02,54.16,58.78,31.45,47.15,NA,NA
10000,1000,24,3,3,50,0.75,1,normal,Model2,NA,NA,FALSE,97.96,99.99,91.3,83.16,79.96,89.82,NA,NA
10000,1000,24,3,3,50,0.5,1,lognormal,Model6,NA,NA,FALSE,100,99.98,99.73,81.87,100,85.8,NA,NA
10000,1000,24,3,3,50,0.75,1,normal,Model1,NA,NA,FALSE,5.38,5.33,5.11,5.33,3.18,4.31,NA,NA
10000,1000,24,3,3,50,0.5,1,mixed,Model7,NA,NA,FALSE,89.82,100,87.79,97.18,64.19,99.98,NA,NA
10000,1000,24,3,3,50,0.75,1,lognormal,Model3,NA,NA,FALSE,100,100,99.96,97.4,100,100,NA,NA
10000,1000,24,3,3,50,0.5,1,normal,Model7,NA,NA,FALSE,100,100,99.7,99.77,100,100,NA,NA
10000,1000,24,3,3,50,0.5,1,mixed,Model3,NA,NA,FALSE,99.79,100,99.2,86.08,95.03,82.8,NA,NA
10000,1000,12,9,9,50,0.5,1,lognormal,Model7,NA,NA,FALSE,83.55,99.5,88.72,99.98,81.81,99.99,96.13,99.98
10000,1000,12,9,9,50,0.75,1,lognormal,Model7,NA,NA,FALSE,99.67,100,99.69,100,99.33,100,99.96,100
10000,1000,12,9,9,50,0.75,1,mixed,Model7,NA,NA,FALSE,38.73,99.72,57.94,99.99,52.2,99.99,82.56,99.97
10000,1000,9,11,10,50,0.5,1,normal,Model1,NA,NA,FALSE,5.26,5.48,4.92,5.22,4.61,5.74,9.57,4.61
10000,1000,12,9,9,50,0.5,1,mixed,Model7,NA,NA,FALSE,43.87,99.14,64.09,100,56.55,100,82.45,99.99
10000,1000,12,9,9,50,0.5,1,normal,Model7,NA,NA,FALSE,98.66,100,99.75,100,99.58,100,100,100
10000,1000,12,9,9,50,0.75,1,normal,Model7,NA,NA,FALSE,100,100,100,100,100,100,100,100
10000,1000,6,12,12,100,0.75,1,mixed,Model2,NA,NA,FALSE,14.39,13.9,18.77,17.71,14.94,20.98,36.29,13.93
10000,1000,6,12,12,100,0.5,1,mixed,Model2,NA,NA,FALSE,13.12,11.61,18.16,14.07,13.6,16.5,33.81,13.94
10000,1000,6,12,12,100,0.5,1,lognormal,Model4,NA,NA,FALSE,6.51,6.48,4.88,5.26,3.48,7.13,10.18,6.99
10000,1000,6,12,12,100,0.5,1,mixed,Model3,NA,NA,FALSE,35.53,25.67,69.91,47.84,59.63,56.67,86.44,33.99
10000,1000,6,12,12,100,0.5,1,normal,Model3,NA,NA,FALSE,37.29,32.17,57.3,52.17,48.31,61.65,76.27,42.41
10000,1000,6,12,12,100,0.75,1,normal,Model1,NA,NA,FALSE,6.33,6.46,5.36,5.14,4.53,6.34,10.72,4.98
10000,1000,6,12,12,100,0.75,1,lognormal,Model3,NA,NA,FALSE,91.89,74.58,98.59,85.42,97.49,93.05,99.73,86.62
10000,1000,6,12,12,100,0.5,1,lognormal,Model2,NA,NA,FALSE,28.09,21.71,42.38,26.61,32.29,29.63,58.6,31.44
10000,1000,6,12,12,100,0.75,1,normal,Model4,NA,NA,FALSE,6.32,6.43,5.36,5.14,4.56,6.38,10.65,4.94
10000,1000,6,12,12,100,0.75,1,lognormal,Model4,NA,NA,FALSE,6.49,6.48,4.86,5.21,3.32,6.7,10.02,6.67
10000,1000,6,12,12,100,0.75,1,mixed,Model3,NA,NA,FALSE,40.16,31.3,70.23,58.48,61.52,70.95,89.55,36.7
10000,1000,6,12,12,100,0.75,1,lognormal,Model2,NA,NA,FALSE,52.27,38.41,61.84,43.82,52.03,49.95,77.28,51.3
10000,1000,6,12,12,100,0.5,1,lognormal,Model3,NA,NA,FALSE,66.23,46.98,92.1,64.88,87.24,74.68,97.28,63.74
10000,1000,6,12,12,100,0.75,1,mixed,Model5,NA,NA,FALSE,20.82,16.7,32.89,21.05,30.15,21.49,53.88,13.31
10000,1000,6,12,12,100,0.75,1,normal,Model3,NA,NA,FALSE,68.14,56.99,80.41,74.27,74.01,84.66,92.78,67.76
10000,1000,6,12,12,100,0.75,1,mixed,Model4,NA,NA,FALSE,6.46,6.51,5.18,5.38,5.16,5.63,12.74,3.72
10000,1000,6,12,12,100,0.5,1,mixed,Model5,NA,NA,FALSE,19.29,14.67,32.81,17.44,28.36,18.13,51.3,14.09
10000,1000,6,12,12,100,0.5,1,mixed,Model1,NA,NA,FALSE,6.47,6.43,5.43,5.8,4.51,6.12,12.05,5.03
10000,1000,6,12,12,100,0.75,1,lognormal,Model7,NA,NA,FALSE,70.6,75.29,86.86,94.59,78.7,99.64,96.52,99.26
10000,1000,6,12,12,100,0.75,1,lognormal,Model5,NA,NA,FALSE,83.83,52.96,95.64,59.42,90.76,64.64,99.34,64.33
10000,1000,6,12,12,100,0.5,1,lognormal,Model7,NA,NA,FALSE,39.25,45.73,66.2,84.96,52.81,95.52,84.61,94.44
10000,1000,6,12,12,100,0.5,1,normal,Model5,NA,NA,FALSE,19.97,17.8,26.99,21.38,24.68,23.14,41.64,17.93
10000,1000,6,12,12,100,0.5,1,mixed,Model6,NA,NA,FALSE,23.23,17,41.99,21.17,37.34,22.27,59.72,15.28
10000,1000,6,12,12,100,0.5,1,lognormal,Model5,NA,NA,FALSE,48.93,30.78,78.82,37.26,67.31,41.34,92.39,41.57
10000,1000,9,11,10,100,0.5,1,mixed,Model5,NA,NA,FALSE,26.51,20.55,39.68,28.38,36.65,28.25,56.23,21.1
10000,1000,6,12,12,100,0.75,1,normal,Model2,NA,NA,FALSE,25.68,22.77,26.56,26.69,21.87,31.78,43.08,26.18
10000,1000,6,12,12,100,0.5,1,normal,Model4,NA,NA,FALSE,6.35,6.57,5.12,5.25,4.46,6.65,10.64,5.2
10000,1000,6,12,12,100,0.75,1,normal,Model7,NA,NA,FALSE,96.54,99.97,99.94,100,99.99,100,100,100
10000,1000,6,12,12,100,0.5,1,mixed,Model4,NA,NA,FALSE,6.49,6.52,5.33,5.52,4.46,6.43,11.8,5.05
10000,1000,6,12,12,100,0.5,1,lognormal,Model6,NA,NA,FALSE,63.81,37.49,92.29,46.52,85,52.31,98.48,46.22
10000,1000,6,12,12,100,0.5,1,normal,Model7,NA,NA,FALSE,78.83,99.33,99.31,100,99.79,100,100,100
10000,1000,6,12,12,100,0.75,1,lognormal,Model6,NA,NA,FALSE,92.96,63.77,99.14,70.46,97.75,76,99.92,70.27
10000,1000,6,12,12,100,0.75,1,normal,Model5,NA,NA,FALSE,33.59,31.83,38.94,35.64,36.58,38.59,55.71,31.05
10000,1000,6,12,12,100,0.75,1,mixed,Model7,NA,NA,FALSE,21.4,51.39,49.85,98.07,44.35,100,78.61,99.47
10000,1000,6,12,12,100,0.5,1,normal,Model6,NA,NA,FALSE,23.5,20.68,33.12,25.41,30.42,27.56,48.48,18.51
10000,1000,6,12,12,100,0.75,1,normal,Model6,NA,NA,FALSE,41.21,36.88,48.01,42.26,46.14,46.05,65.6,33.14
10000,1000,6,12,12,100,0.75,1,mixed,Model6,NA,NA,FALSE,25.59,19.94,41.19,26,38.61,26.62,62.67,14.72
10000,1000,6,12,12,100,0.5,1,normal,Model2,NA,NA,FALSE,14.76,14.25,17.24,16.72,13.73,19.72,30.54,15.51
10000,1000,6,12,12,100,0.5,1,mixed,Model7,NA,NA,FALSE,23.08,45.11,56.93,96.4,48.15,99.85,80.43,99.44
10000,1000,6,12,12,100,0.75,1,mixed,Model1,NA,NA,FALSE,6.49,6.61,5.27,5.35,5.09,5.71,13.1,3.95
10000,1000,9,11,10,100,0.5,1,normal,Model2,NA,NA,FALSE,19.11,23.47,21.64,32.6,18.32,35.94,35.24,28.04
10000,1000,9,11,10,100,0.75,1,mixed,Model7,NA,NA,FALSE,32.17,96.83,60,100,55.04,100,84.41,100
10000,1000,6,12,12,100,0.5,1,normal,Model1,NA,NA,FALSE,6.39,6.6,5.12,5.25,4.51,6.52,10.68,5.2
10000,1000,9,11,10,100,0.5,1,lognormal,Model5,NA,NA,FALSE,79.96,53.93,93.03,66.12,86.81,69.54,98.15,65.38
10000,1000,9,11,10,100,0.5,1,lognormal,Model7,NA,NA,FALSE,67.56,92.18,83.81,99.93,74.63,99.96,93.78,99.93
10000,1000,6,12,12,100,0.75,1,lognormal,Model1,NA,NA,FALSE,6.53,6.33,4.76,4.79,2.84,6.21,9.39,6.17
10000,1000,9,11,10,100,0.75,1,lognormal,Model3,NA,NA,FALSE,99.64,98.48,99.92,99.73,99.81,99.86,99.99,99.56
10000,1000,9,11,10,100,0.5,1,mixed,Model3,NA,NA,FALSE,56.74,54.05,82.73,83.18,75.01,85.31,93.23,69.95
10000,1000,9,11,10,100,0.5,1,mixed,Model7,NA,NA,FALSE,36.8,93.35,67.82,99.99,60.65,100,85.46,100
10000,1000,9,11,10,100,0.5,1,lognormal,Model2,NA,NA,FALSE,44.22,38.98,54.56,51.48,46.25,53.75,68.41,52.1
10000,1000,9,11,10,100,0.75,1,normal,Model6,NA,NA,FALSE,62.64,68.09,65.43,76.19,63.59,78.13,79.48,63.79
10000,1000,9,11,10,100,0.75,1,lognormal,Model2,NA,NA,FALSE,77.26,71.58,81.18,79.49,74.28,81.98,89.7,79.95
10000,1000,9,11,10,100,0.75,1,normal,Model7,NA,NA,FALSE,99.99,100,100,100,100,100,100,100
10000,1000,9,11,10,100,0.75,1,normal,Model2,NA,NA,FALSE,41.2,49.51,39.92,58.16,34.19,63.22,57.18,53.31
10000,1000,9,11,10,100,0.5,1,normal,Model6,NA,NA,FALSE,33.6,36.04,42.49,47.51,40.4,49.93,57.08,35.18
10000,1000,9,11,10,100,0.75,1,mixed,Model5,NA,NA,FALSE,28.76,26.57,40.23,34.84,38.65,33.8,61.08,21.72
10000,1000,9,11,10,100,0.75,1,lognormal,Model7,NA,NA,FALSE,96.31,99.89,98.47,100,96.77,100,99.76,100
10000,1000,9,11,10,100,0.5,1,lognormal,Model3,NA,NA,FALSE,90.22,81.1,98.06,94.56,96.26,95.96,99.24,92.08
10000,1000,9,11,10,100,0.75,1,mixed,Model4,NA,NA,FALSE,4.88,5.06,5.15,5.58,5.01,5.19,12.52,2.92
10000,1000,9,11,10,100,0.75,1,normal,Model4,NA,NA,FALSE,5.16,5.31,5.46,4.97,4.92,5.39,9.73,3.32
10000,1000,9,11,10,100,0.75,1,mixed,Model6,NA,NA,FALSE,35.17,31.65,51.05,41.8,48.16,40.77,71.16,25.2
10000,1000,9,11,10,100,0.5,1,mixed,Model4,NA,NA,FALSE,4.94,5.15,5.26,5.36,4.48,5.43,10.94,3.7
10000,1000,9,11,10,100,0.75,1,normal,Model5,NA,NA,FALSE,53.19,59.73,55.05,67.68,52.76,69.85,70.56,58.03
10000,1000,9,11,10,100,0.75,1,normal,Model3,NA,NA,FALSE,92.99,94.54,95.55,98.79,93.09,99.31,98.92,97.07
10000,1000,9,11,10,100,0.5,1,normal,Model3,NA,NA,FALSE,60.06,66.13,73.92,86.86,66.87,90.29,87.86,79.38
10000,1000,9,11,10,100,0.5,1,normal,Model5,NA,NA,FALSE,27.8,29.87,34.21,38.93,32.38,41.75,48.53,31.45
10000,1000,9,11,10,100,0.75,1,mixed,Model2,NA,NA,FALSE,16.49,23.38,22.96,33.15,19.02,35.3,41.72,23.96
10000,1000,9,11,10,100,0.5,1,mixed,Model6,NA,NA,FALSE,32.51,25.26,49.49,34.07,45.96,33.84,66.03,23.76
10000,1000,9,11,10,100,0.75,1,mixed,Model3,NA,NA,FALSE,63.58,70.52,85.61,91.87,79.05,93.5,96.56,76.23
10000,1000,9,11,10,100,0.5,1,normal,Model7,NA,NA,FALSE,98.82,100,100,100,99.99,100,100,100
10000,1000,9,11,10,100,0.75,1,mixed,Model1,NA,NA,FALSE,5.05,5.25,5.27,5.59,4.99,5.17,12.75,3.07
10000,1000,9,11,10,100,0.5,1,lognormal,Model4,NA,NA,FALSE,5.31,5.07,5.29,5.3,4.2,5.98,9.61,4.79
10000,1000,9,11,10,100,0.75,1,lognormal,Model6,NA,NA,FALSE,99.96,92.66,100,96.41,99.98,97.05,100,94.43
10000,1000,9,11,10,100,0.5,1,normal,Model4,NA,NA,FALSE,5.43,5.29,5.4,5.17,4.96,5.49,9.74,3.7
10000,1000,9,11,10,100,0.75,1,lognormal,Model4,NA,NA,FALSE,5.39,5.15,5.09,5.11,4.11,5.95,9.28,5
10000,1000,9,11,10,100,0.5,1,mixed,Model1,NA,NA,FALSE,5.11,5.28,5.42,5.41,4.5,5.35,11.42,3.81
10000,1000,9,11,10,100,0.5,1,mixed,Model2,NA,NA,FALSE,15.37,17.36,22.33,26.01,17.55,27.19,37.36,21.48
10000,1000,9,11,10,100,0.5,1,lognormal,Model1,NA,NA,FALSE,5.44,5.15,5.24,4.97,3.7,5.2,9.43,4.6
10000,1000,9,11,10,100,0.75,1,lognormal,Model1,NA,NA,FALSE,5.41,5.37,4.94,5.13,3.37,5.34,8.96,4.8
10000,1000,9,11,10,100,0.5,1,lognormal,Model6,NA,NA,FALSE,92.24,63.3,99.05,77.34,97.08,80.29,99.82,73.4
10000,1000,9,11,10,100,0.75,1,lognormal,Model5,NA,NA,FALSE,99.53,85.3,99.9,90.8,99.46,92.05,100,89.48
10000,1000,9,11,10,100,0.5,1,normal,Model1,NA,NA,FALSE,5.41,5.27,5.4,5.17,4.94,5.49,9.85,3.83
10000,1000,9,11,10,100,0.75,1,normal,Model1,NA,NA,FALSE,5.16,5.3,5.46,4.97,4.85,5.43,9.88,3.58
10000,1000,12,9,9,100,0.5,1,mixed,Model3,NA,NA,FALSE,77.83,82,89.89,94.05,84.27,94.01,97.45,84.68
10000,1000,12,9,9,100,0.75,1,mixed,Model1,NA,NA,FALSE,5.14,5.16,5.91,5.97,5.39,5.15,13.68,2.72
10000,1000,12,9,9,100,0.75,1,normal,Model4,NA,NA,FALSE,5.16,5,5.13,5.03,4.75,5.29,10.15,2.55
10000,1000,12,9,9,100,0.75,1,normal,Model2,NA,NA,FALSE,60.37,77.29,56.07,81.12,49.66,83.39,73.64,73.9
10000,1000,12,9,9,100,0.75,1,mixed,Model3,NA,NA,FALSE,84.55,94.58,93.51,98.28,89.06,98.3,99.3,90.94
10000,1000,12,9,9,100,0.75,1,lognormal,Model4,NA,NA,FALSE,5.04,5.14,5.44,5.1,4.35,5.29,9.89,3.84
10000,1000,12,9,9,100,0.5,1,mixed,Model2,NA,NA,FALSE,20.28,28.45,26.41,35.45,21.06,35.13,42.96,27.19
10000,1000,12,9,9,100,0.5,1,normal,Model6,NA,NA,FALSE,46.87,57.1,51.37,64.42,49.67,65.22,67.91,47.7
10000,1000,12,9,9,100,0.5,1,lognormal,Model4,NA,NA,FALSE,4.96,5.07,5.29,5.07,4.07,5.5,10.18,3.82
10000,1000,12,9,9,100,0.75,1,lognormal,Model2,NA,NA,FALSE,91.56,91.52,91.72,93.34,87.64,93.61,96.5,91.33
10000,1000,12,9,9,100,0.5,1,lognormal,Model2,NA,NA,FALSE,58.81,60,64.36,68.23,56.79,68.84,77.69,63.98
10000,1000,12,9,9,100,0.75,1,lognormal,Model3,NA,NA,FALSE,100,99.97,100,100,100,100,100,99.99
10000,1000,12,9,9,100,0.5,1,normal,Model1,NA,NA,FALSE,5.01,4.99,5.09,4.88,4.7,5.09,10.51,3.1
10000,1000,12,9,9,100,0.75,1,lognormal,Model1,NA,NA,FALSE,5.13,5.15,5.41,5.04,3.69,4.82,9.72,3.64
10000,1000,12,9,9,100,0.5,1,normal,Model2,NA,NA,FALSE,26.76,40.92,27.46,48.48,23.29,50.77,43.99,39.86
10000,1000,12,9,9,100,0.5,1,normal,Model4,NA,NA,FALSE,5.01,4.99,5.09,4.88,4.77,5.1,10.39,2.79
10000,1000,12,9,9,100,0.75,1,normal,Model6,NA,NA,FALSE,81.06,90.96,81.02,92.84,79.68,93.29,90.81,83.01
10000,1000,12,9,9,100,0.5,1,mixed,Model1,NA,NA,FALSE,5.17,4.94,5.94,5.86,4.74,5.32,12.6,3.19
10000,1000,12,9,9,100,0.75,1,mixed,Model6,NA,NA,FALSE,48.51,48.07,60.09,54.28,56.83,51.83,79.18,34.02
10000,1000,12,9,9,100,0.75,1,lognormal,Model6,NA,NA,FALSE,100,99.49,100,99.81,100,99.77,100,99.08
10000,1000,12,9,9,100,0.75,1,mixed,Model5,NA,NA,FALSE,39.3,39.97,48.18,44.85,44.95,42.99,68.98,27.7
10000,1000,12,9,9,100,0.5,1,normal,Model3,NA,NA,FALSE,81.64,90.69,86.73,96.63,81.22,97.41,95.43,92.23
10000,1000,12,9,9,100,0.75,1,normal,Model1,NA,NA,FALSE,5.16,5,5.13,5.03,4.74,5.25,10.24,2.88
10000,1000,12,9,9,100,0.5,1,lognormal,Model1,NA,NA,FALSE,5.06,4.94,5.05,5.22,3.66,4.89,9.97,3.7
10000,1000,12,9,9,100,0.75,1,normal,Model3,NA,NA,FALSE,99.37,99.79,99.48,99.93,98.86,99.96,99.92,99.72
10000,1000,12,9,9,100,0.5,1,mixed,Model6,NA,NA,FALSE,44.71,37.11,56.71,44.64,53.44,42.79,72.96,29.72
10000,1000,12,9,9,100,0.5,1,lognormal,Model3,NA,NA,FALSE,98.12,96.27,99.55,99.11,99.02,99.28,99.89,97.98
10000,1000,12,9,9,100,0.75,1,lognormal,Model5,NA,NA,FALSE,99.99,97.55,100,98.29,99.97,98.41,100,96.39
10000,1000,12,9,9,100,0.75,1,mixed,Model4,NA,NA,FALSE,5.11,4.93,5.63,5.78,5.4,5.1,13.36,2.51
10000,1000,12,9,9,100,0.5,1,lognormal,Model6,NA,NA,FALSE,99.54,85.22,99.91,91.66,99.7,92.11,100,85.32
10000,1000,12,9,9,100,0.5,1,normal,Model5,NA,NA,FALSE,38.05,47.87,41.62,54.94,39.51,55.53,56.71,40.88
10000,1000,12,9,9,100,0.5,1,lognormal,Model5,NA,NA,FALSE,96.21,74.77,98.31,81.8,95.64,83.08,99.73,75.34
10000,1000,12,9,9,100,0.75,1,mixed,Model2,NA,NA,FALSE,22.64,40.29,28.13,46.21,23.21,46.11,49.94,32.43
10000,1000,6,12,12,100,0.5,1,lognormal,Model1,NA,NA,FALSE,6.45,6.08,4.69,4.83,2.92,6.34,9.65,6.19
10000,1000,12,9,9,100,0.75,1,normal,Model5,NA,NA,FALSE,70.6,84.38,68.88,86.82,66.88,87.31,82.66,76.67
10000,1000,12,9,9,100,0.5,1,mixed,Model5,NA,NA,FALSE,35.99,30.45,45.88,36.27,42.14,34.77,62.48,24.8
10000,1000,15,8,7,100,0.5,1,mixed,Model1,NA,NA,FALSE,5.22,5.47,6,6.12,4.9,5.32,12.98,3.39
10000,1000,12,9,9,100,0.5,1,mixed,Model4,NA,NA,FALSE,5.03,4.81,5.6,5.54,4.81,5.21,12.16,2.95
10000,1000,15,8,7,100,0.75,1,lognormal,Model2,NA,NA,FALSE,97.36,97.64,97.16,97.81,94.84,97.82,98.98,96.59
10000,1000,15,8,7,100,0.5,1,mixed,Model2,NA,NA,FALSE,26.58,40.49,30.45,43.5,24.64,42.25,49.98,31.92
10000,1000,15,8,7,100,0.5,1,mixed,Model3,NA,NA,FALSE,90.85,95.4,95.28,98.02,91.51,97.73,99.18,92.49
10000,1000,15,8,7,100,0.75,1,mixed,Model3,NA,NA,FALSE,95.41,99.66,97.74,99.73,95.58,99.71,99.91,97.2
10000,1000,15,8,7,100,0.5,1,lognormal,Model4,NA,NA,FALSE,5.23,5.19,5.22,5.28,4.06,5.4,10.68,3.31
10000,1000,15,8,7,100,0.5,1,normal,Model7,NA,NA,FALSE,100,100,100,100,100,100,100,100
10000,1000,15,8,7,100,0.5,1,normal,Model4,NA,NA,FALSE,5.17,4.87,4.85,5.09,4.46,4.98,10.31,2.49
10000,1000,15,8,7,100,0.75,1,lognormal,Model3,NA,NA,FALSE,100,100,100,100,100,100,100,99.99
10000,1000,15,8,7,100,0.5,1,normal,Model6,NA,NA,FALSE,59.09,73.92,59.99,75.86,57.87,76.04,75.7,58.4
10000,1000,15,8,7,100,0.5,1,mixed,Model7,NA,NA,FALSE,69.2,100,81.86,100,76.32,100,94.97,100
10000,1000,15,8,7,100,0.5,1,normal,Model2,NA,NA,FALSE,35.29,58.43,33.61,60.99,28.61,62.57,52.85,49.98
10000,1000,15,8,7,100,0.5,1,lognormal,Model7,NA,NA,FALSE,97.81,99.99,98.13,100,95.88,100,99.66,100
10000,1000,15,8,7,100,0.75,1,lognormal,Model7,NA,NA,FALSE,100,100,100,100,100,100,100,100
10000,1000,15,8,7,100,0.75,1,mixed,Model7,NA,NA,FALSE,60.88,100,75.4,100,70.22,100,95.04,100
10000,1000,15,8,7,100,0.75,1,normal,Model4,NA,NA,FALSE,5.18,4.92,4.91,5.03,4.55,5.17,10.26,2.53
10000,1000,15,8,7,100,0.75,1,normal,Model3,NA,NA,FALSE,99.98,100,99.95,100,99.91,100,100,100
10000,1000,15,8,7,100,0.75,1,normal,Model2,NA,NA,FALSE,76.19,92.27,69.8,92.28,63.12,93.21,86.98,86.74
10000,1000,15,8,7,100,0.5,1,lognormal,Model2,NA,NA,FALSE,72.08,75.86,74.12,79.55,67.02,78.94,85.41,73.68
10000,1000,15,8,7,100,0.75,1,mixed,Model6,NA,NA,FALSE,61.53,63.36,68.41,63.97,65.5,60.87,85.43,41.18
10000,1000,15,8,7,100,0.5,1,lognormal,Model3,NA,NA,FALSE,99.71,99.38,99.88,99.82,99.69,99.78,99.97,99.24
10000,1000,15,8,7,100,0.75,1,lognormal,Model5,NA,NA,FALSE,100,99.84,100,99.72,100,99.8,100,99.19
10000,1000,15,8,7,100,0.5,1,normal,Model3,NA,NA,FALSE,93.4,98.48,93.79,99.34,90.65,99.43,98.83,97.53
10000,1000,15,8,7,100,0.75,1,normal,Model7,NA,NA,FALSE,100,100,100,100,100,100,100,100
10000,1000,15,8,7,100,0.75,1,mixed,Model1,NA,NA,FALSE,5.2,5.49,5.89,6.32,5.28,5.32,13.99,2.71
10000,1000,15,8,7,100,0.5,1,normal,Model1,NA,NA,FALSE,5.17,4.87,4.85,5.09,4.41,5.03,10.43,2.91
10000,1000,15,8,7,100,0.5,1,normal,Model5,NA,NA,FALSE,48.37,66.17,49.3,68.16,46.86,68.26,65.76,51.73
10000,1000,15,8,7,100,0.5,1,lognormal,Model5,NA,NA,FALSE,99.71,88.34,99.77,89.86,99.09,89.98,100,83.24
10000,1000,15,8,7,100,0.75,1,mixed,Model2,NA,NA,FALSE,28.9,56.84,33.31,57.63,27.53,55.96,59.9,40.25
10000,1000,18,6,6,100,0.75,1,mixed,Model2,NA,NA,FALSE,36.49,71.78,39.7,65.6,31.7,61.76,68.98,48.56
10000,1000,15,8,7,100,0.75,1,normal,Model6,NA,NA,FALSE,91.52,98.29,89.79,98.02,88.3,97.99,95.92,93.22
10000,1000,18,6,6,100,0.75,1,lognormal,Model3,NA,NA,FALSE,100,100,100,100,100,100,100,100
10000,1000,18,6,6,100,0.75,1,mixed,Model3,NA,NA,FALSE,99.08,99.98,99.47,100,98.35,99.96,100,99.28
10000,1000,15,8,7,100,0.75,1,mixed,Model5,NA,NA,FALSE,49.82,53.47,55.97,53.85,52.82,50.31,77.1,34.04
10000,1000,18,6,6,100,0.75,1,lognormal,Model4,NA,NA,FALSE,4.97,5.1,4.75,4.7,3.73,4.51,10.13,3.03
10000,1000,15,8,7,100,0.5,1,mixed,Model5,NA,NA,FALSE,46.07,41.01,52.5,43.63,48.55,40.71,69.85,28.44
10000,1000,18,6,6,100,0.75,1,normal,Model3,NA,NA,FALSE,100,100,100,100,100,100,100,100
10000,1000,18,6,6,100,0.75,1,normal,Model4,NA,NA,FALSE,5.07,5.46,4.99,5.01,4.54,4.85,10.89,2.41
10000,1000,15,8,7,100,0.5,1,lognormal,Model6,NA,NA,FALSE,99.99,95.46,100,96.33,99.98,96.49,100,91.68
10000,1000,15,8,7,100,0.75,1,lognormal,Model6,NA,NA,FALSE,100,99.99,100,99.99,100,99.98,100,99.83
10000,1000,15,8,7,100,0.5,1,mixed,Model6,NA,NA,FALSE,56.67,49.33,64,52.28,60.34,49.38,78.85,34.72
10000,1000,18,6,6,100,0.75,1,mixed,Model4,NA,NA,FALSE,4.69,4.88,4.99,5.98,4.45,5,13.54,2.55
10000,1000,15,8,7,100,0.75,1,normal,Model5,NA,NA,FALSE,83.25,95.45,80.7,95.11,78.56,95.03,91.02,88.53
10000,1000,18,6,6,100,0.75,1,mixed,Model1,NA,NA,FALSE,4.97,5.23,5.19,6.41,4.52,5.28,14.14,2.98
10000,1000,18,6,6,100,0.5,1,lognormal,Model3,NA,NA,FALSE,100,99.99,99.99,99.97,99.96,99.97,100,99.89
10000,1000,18,6,6,100,0.5,1,normal,Model1,NA,NA,FALSE,4.93,5.23,4.8,4.69,4.17,4.59,10.95,2.65
10000,1000,15,8,7,100,0.75,1,lognormal,Model4,NA,NA,FALSE,5.19,5.24,5.19,5.18,3.92,5.35,10.51,3.37
10000,1000,15,8,7,100,0.75,1,lognormal,Model1,NA,NA,FALSE,5.5,5.26,5.09,5.03,3.6,4.82,10.41,3.28
10000,1000,15,8,7,100,0.5,1,mixed,Model4,NA,NA,FALSE,4.94,5.02,5.69,5.92,4.74,5.19,12.37,2.8
10000,1000,18,6,6,100,0.5,1,mixed,Model1,NA,NA,FALSE,5.12,5.16,5.46,6.34,4.12,5.07,12.88,3.44
10000,1000,18,6,6,100,0.75,1,normal,Model1,NA,NA,FALSE,5.07,5.46,4.99,5.01,4.53,4.84,11.05,2.69
10000,1000,15,8,7,100,0.75,1,normal,Model1,NA,NA,FALSE,5.18,4.92,4.91,5.03,4.53,5.12,10.38,2.9
10000,1000,18,6,6,100,0.75,1,lognormal,Model2,NA,NA,FALSE,99.41,99.56,99.21,99.42,98.36,99.36,99.81,98.94
10000,1000,15,8,7,100,0.5,1,lognormal,Model1,NA,NA,FALSE,5.29,5.33,5.21,5.15,3.74,4.7,10.39,3.28
10000,1000,18,6,6,100,0.5,1,mixed,Model5,NA,NA,FALSE,55.25,50.81,59.29,48.82,54.39,44.33,75.46,32.7
10000,1000,18,6,6,100,0.75,1,normal,Model2,NA,NA,FALSE,88.39,98.49,82.48,97.65,76.68,97.75,94.8,94.59
10000,1000,18,6,6,100,0.5,1,mixed,Model2,NA,NA,FALSE,33.04,52.36,35.6,51.36,27.28,47.27,57.98,37.93
10000,1000,18,6,6,100,0.75,1,lognormal,Model1,NA,NA,FALSE,4.99,4.91,4.93,4.68,3.31,4.18,9.94,2.91
10000,1000,18,6,6,100,0.75,1,lognormal,Model5,NA,NA,FALSE,100,99.99,100,99.94,100,99.95,100,99.72
10000,1000,18,6,6,100,0.75,1,mixed,Model5,NA,NA,FALSE,59.4,65.82,63.69,60.19,59.43,55.64,82.79,40.03
10000,1000,18,6,6,100,0.5,1,lognormal,Model2,NA,NA,FALSE,83.18,87.57,82.55,86.55,75.62,85.8,91.83,81.08
10000,1000,18,6,6,100,0.5,1,normal,Model3,NA,NA,FALSE,97.91,99.77,97.47,99.87,95.83,99.86,99.74,99.23
10000,1000,18,6,6,100,0.75,1,mixed,Model7,NA,NA,FALSE,74.03,100,83.04,100,76.99,100,98.19,100
10000,1000,18,6,6,100,0.5,1,mixed,Model6,NA,NA,FALSE,66.42,59.63,71.61,58.7,66.6,53.48,84.38,40.53
10000,1000,18,6,6,100,0.5,1,mixed,Model7,NA,NA,FALSE,81.96,100,88.59,100,82.11,100,98.08,100
10000,1000,18,6,6,100,0.5,1,normal,Model7,NA,NA,FALSE,100,100,100,100,100,100,100,100
10000,1000,18,6,6,100,0.75,1,mixed,Model6,NA,NA,FALSE,71.69,75.23,75.86,70.65,72.23,65.71,90.64,48.68
10000,1000,18,6,6,100,0.5,1,normal,Model2,NA,NA,FALSE,45.56,73.69,42.03,70.49,35.65,70.83,64.08,59.42
10000,1000,18,6,6,100,0.5,1,mixed,Model3,NA,NA,FALSE,97.1,99.32,97.98,99.27,95.61,99.01,99.76,96.62
10000,1000,18,6,6,100,0.75,1,lognormal,Model6,NA,NA,FALSE,100,100,100,100,100,100,100,99.98
10000,1000,18,6,6,100,0.5,1,lognormal,Model1,NA,NA,FALSE,5,5.02,5.1,4.71,3.45,4.32,10.36,3.14
10000,1000,18,6,6,100,0.75,1,normal,Model5,NA,NA,FALSE,91.23,99.13,88.74,98.57,87.16,98.44,95.93,95.35
10000,1000,18,6,6,100,0.5,1,normal,Model5,NA,NA,FALSE,58.52,80.47,57.29,77.35,54.64,76.49,73.87,61.83
10000,1000,15,8,7,100,0.75,1,mixed,Model4,NA,NA,FALSE,4.99,4.97,5.55,6.04,5.16,5.2,13.57,2.31
10000,1000,21,5,4,100,0.5,1,lognormal,Model1,NA,NA,FALSE,5.07,4.97,5.25,4.93,3.31,4.35,9.11,3.15
10000,1000,21,5,4,100,0.75,1,lognormal,Model3,NA,NA,FALSE,100,100,100,100,100,100,100,100
10000,1000,21,5,4,100,0.5,1,lognormal,Model6,NA,NA,FALSE,100,99.76,100,98.44,100,98.55,100,96.06
10000,1000,21,5,4,100,0.75,1,normal,Model1,NA,NA,FALSE,5.63,5.39,5.17,5.28,4.41,4.71,10.25,3.27
10000,1000,21,5,4,100,0.5,1,lognormal,Model5,NA,NA,FALSE,100,98.73,99.99,94.82,99.98,94.46,100,90.3
10000,1000,21,5,4,100,0.75,1,lognormal,Model4,NA,NA,FALSE,5.12,5.14,5.17,5.16,3.72,4.79,9.13,3.1
10000,1000,21,5,4,100,0.75,1,normal,Model5,NA,NA,FALSE,96.05,99.81,93.87,98.83,91.97,98.91,97.85,97.15
10000,1000,21,5,4,100,0.5,1,normal,Model3,NA,NA,FALSE,99.64,99.98,99.15,99.92,97.93,99.89,99.91,99.59
10000,1000,21,5,4,100,0.5,1,mixed,Model3,NA,NA,FALSE,99.2,99.9,99.28,99.33,97.77,99,99.93,97.67
10000,1000,21,5,4,100,0.75,1,normal,Model3,NA,NA,FALSE,100,100,100,100,100,100,100,100
10000,1000,21,5,4,100,0.75,1,lognormal,Model2,NA,NA,FALSE,99.91,99.97,99.87,99.63,99.43,99.58,99.98,99.24
10000,1000,21,5,4,100,0.75,1,lognormal,Model6,NA,NA,FALSE,100,100,100,100,100,100,100,100
10000,1000,21,5,4,100,0.75,1,lognormal,Model1,NA,NA,FALSE,5.14,4.91,5.22,5.03,3.43,4.11,8.8,3.13
10000,1000,18,6,6,100,0.75,1,normal,Model7,NA,NA,FALSE,100,100,100,100,100,100,100,100
10000,1000,21,5,4,100,0.5,1,normal,Model6,NA,NA,FALSE,78.18,93.78,74.92,85.88,70.69,84.72,86.82,73.03
10000,1000,21,5,4,100,0.5,1,lognormal,Model3,NA,NA,FALSE,100,100,99.99,99.93,99.99,99.96,100,99.85
10000,1000,21,5,4,100,0.75,1,normal,Model6,NA,NA,FALSE,98.74,99.97,97.54,99.64,96.59,99.66,99.36,98.67
10000,1000,21,5,4,100,0.5,1,normal,Model7,NA,NA,FALSE,100,100,100,100,100,100,100,100
10000,1000,21,5,4,100,0.5,1,mixed,Model2,NA,NA,FALSE,39.76,63.88,41.43,51.56,30.66,43.94,59.86,38.29
10000,1000,21,5,4,100,0.5,1,mixed,Model7,NA,NA,FALSE,90.7,100,92.34,100,86.3,100,98.54,100
10000,1000,21,5,4,100,0.5,1,normal,Model5,NA,NA,FALSE,67.46,89.09,63.64,78.67,58.92,76.98,78.09,64.97
10000,1000,18,6,6,100,0.5,1,lognormal,Model7,NA,NA,FALSE,99.75,100,99.71,100,99.02,100,99.98,100
10000,1000,18,6,6,100,0.75,1,lognormal,Model7,NA,NA,FALSE,100,100,100,100,100,100,100,100
10000,1000,21,5,4,100,0.5,1,lognormal,Model4,NA,NA,FALSE,5.12,5.15,5.42,4.99,3.64,4.71,9.15,3.13
10000,1000,21,5,4,100,0.5,1,normal,Model2,NA,NA,FALSE,55.44,84.43,48.45,73.32,38.87,72.39,68.83,63.17
10000,1000,21,5,4,100,0.5,1,mixed,Model4,NA,NA,FALSE,5.09,4.99,5.4,6.5,4.05,5.11,11.04,3.92
10000,1000,21,5,4,100,0.5,1,lognormal,Model7,NA,NA,FALSE,99.99,100,99.92,100,99.64,100,100,100
10000,1000,21,5,4,100,0.75,1,mixed,Model6,NA,NA,FALSE,80.05,84.66,81.81,71.19,77.43,63.75,93.05,51.88
10000,1000,21,5,4,100,0.75,1,mixed,Model7,NA,NA,FALSE,84.38,100,87.72,100,81.44,100,98.71,100
10000,1000,18,6,6,100,0.5,1,mixed,Model4,NA,NA,FALSE,4.69,4.79,5.22,5.82,4,4.84,11.98,2.81
10000,1000,21,5,4,100,0.75,1,mixed,Model2,NA,NA,FALSE,44.61,83.16,46.31,66.03,36.38,58.26,72.66,49.89
10000,1000,21,5,4,100,0.75,1,mixed,Model4,NA,NA,FALSE,5,5.13,5.24,6.42,4.53,5.16,12.88,3.56
10000,1000,18,6,6,100,0.5,1,normal,Model4,NA,NA,FALSE,4.93,5.23,4.8,4.69,4.15,4.56,10.99,2.32
10000,1000,21,5,4,100,0.5,1,lognormal,Model2,NA,NA,FALSE,90.78,93.92,88.36,86.97,80.92,85.43,94.21,81.62
10000,1000,21,5,4,100,0.75,1,mixed,Model5,NA,NA,FALSE,66.61,74.56,68.67,59.94,63.38,52.36,85,41.97
10000,1000,21,5,4,100,0.5,1,mixed,Model5,NA,NA,FALSE,62.09,59.22,63.97,48.93,57.75,41.22,77.17,33.2
10000,1000,21,5,4,100,0.5,1,normal,Model1,NA,NA,FALSE,5.58,5.54,5.29,5.42,4.33,4.93,10.22,3.31
10000,1000,18,6,6,100,0.5,1,lognormal,Model4,NA,NA,FALSE,5.07,4.93,5.1,4.83,3.94,4.74,10.2,2.99
10000,1000,21,5,4,100,0.5,1,mixed,Model6,NA,NA,FALSE,74.33,70.14,76.13,58.94,71.11,50.8,86.84,41.59
10000,1000,21,5,4,100,0.5,1,mixed,Model1,NA,NA,FALSE,5.68,5.66,5.99,7.03,4.27,5.43,11.94,4.34
10000,1000,21,5,4,100,0.5,1,normal,Model4,NA,NA,FALSE,5.58,5.54,5.29,5.42,4.35,4.84,10.17,2.86
10000,1000,21,5,4,100,0.75,1,mixed,Model1,NA,NA,FALSE,5.51,5.88,5.63,6.93,4.64,5.45,13.34,4.05
10000,1000,21,5,4,100,0.75,1,lognormal,Model7,NA,NA,FALSE,100,100,100,100,100,100,100,100
10000,1000,21,5,4,100,0.75,1,normal,Model4,NA,NA,FALSE,5.63,5.39,5.17,5.28,4.43,4.79,10.23,2.88
10000,1000,21,5,4,100,0.75,1,normal,Model7,NA,NA,FALSE,100,100,100,100,100,100,100,100
10000,1000,21,5,4,100,0.75,1,mixed,Model3,NA,NA,FALSE,99.91,100,99.9,99.95,99.56,99.85,100,99.5
10000,1000,21,5,4,100,0.75,1,normal,Model2,NA,NA,FALSE,95.17,99.69,90.66,98.29,84.45,98.38,97.54,96.51
10000,1000,18,6,6,100,0.75,1,normal,Model6,NA,NA,FALSE,96.46,99.79,95.5,99.41,94.53,99.44,98.8,97.84
10000,1000,21,5,4,100,0.75,1,lognormal,Model5,NA,NA,FALSE,100,100,100,99.95,100,99.99,100,99.93
10000,1000,18,6,6,100,0.5,1,lognormal,Model5,NA,NA,FALSE,100,96.19,99.99,94.68,99.86,94.6,100,89.9
10000,1000,18,6,6,100,0.5,1,lognormal,Model6,NA,NA,FALSE,100,98.86,100,98.59,100,98.46,100,95.83
10000,1000,18,6,6,100,0.5,1,normal,Model6,NA,NA,FALSE,69.22,86.74,68.65,84.45,65.98,84.05,83.33,70.06
10000,1000,24,3,3,100,0.5,1,lognormal,Model3,NA,NA,FALSE,100,100,99.84,87.67,99.97,95.88,NA,NA
10000,1000,24,3,3,100,0.75,1,lognormal,Model6,NA,NA,FALSE,100,100,99.98,90.24,100,98.85,NA,NA
10000,1000,24,3,3,100,0.75,1,mixed,Model6,NA,NA,FALSE,86.29,90.48,85.68,50.98,72.66,25.19,NA,NA
10000,1000,24,3,3,100,0.75,1,lognormal,Model3,NA,NA,FALSE,100,100,99.99,96.19,100,99.98,NA,NA
10000,1000,24,3,3,100,0.5,1,mixed,Model1,NA,NA,FALSE,5.79,5.87,6.75,7.39,3.1,5.55,NA,NA
10000,1000,24,3,3,100,0.5,1,normal,Model4,NA,NA,FALSE,5.41,5.07,5.16,5.31,3.04,4.9,NA,NA
10000,1000,24,3,3,100,0.75,1,normal,Model3,NA,NA,FALSE,100,100,99.85,94.78,100,99.97,NA,NA
10000,1000,24,3,3,100,0.75,1,mixed,Model4,NA,NA,FALSE,5.37,5.14,5.94,6.37,3.48,5.27,NA,NA
10000,1000,24,3,3,100,0.5,1,mixed,Model3,NA,NA,FALSE,99.73,100,99.29,79.6,95.15,70.41,NA,NA
10000,1000,24,3,3,100,0.5,1,lognormal,Model2,NA,NA,FALSE,94.54,96.95,89.56,58.92,74.03,45.76,NA,NA
10000,1000,24,3,3,100,0.75,1,normal,Model7,NA,NA,FALSE,100,100,99.98,99.97,100,100,NA,NA
10000,1000,24,3,3,100,0.5,1,lognormal,Model1,NA,NA,FALSE,4.94,5.06,5.09,4.86,1.96,4.58,NA,NA
10000,1000,24,3,3,100,0.5,1,lognormal,Model7,NA,NA,FALSE,100,100,99.17,95.97,99,100,NA,NA
10000,1000,24,3,3,100,0.5,1,normal,Model5,NA,NA,FALSE,74.84,94.09,67.76,54.72,53.8,38.92,NA,NA
10000,1000,24,3,3,100,0.75,1,lognormal,Model5,NA,NA,FALSE,100,100,99.94,86.64,100,95.77,NA,NA
10000,1000,24,3,3,100,0.5,1,mixed,Model5,NA,NA,FALSE,70.07,68.24,69.39,36.37,51.32,14.82,NA,NA
10000,1000,24,3,3,100,0.5,1,mixed,Model6,NA,NA,FALSE,81.02,76.83,79.91,42.66,63.58,18.78,NA,NA
10000,1000,24,3,3,100,0.5,1,normal,Model1,NA,NA,FALSE,5.41,5.07,5.16,5.31,3.07,4.83,NA,NA
10000,1000,24,3,3,100,0.75,1,mixed,Model3,NA,NA,FALSE,100,100,99.82,83.76,98.91,84.02,NA,NA
10000,1000,24,3,3,100,0.5,1,lognormal,Model5,NA,NA,FALSE,100,99.77,99.6,67.99,99.92,60.41,NA,NA
10000,1000,24,3,3,100,0.5,1,normal,Model7,NA,NA,FALSE,100,100,99.95,99.92,100,100,NA,NA
10000,1000,24,3,3,100,0.5,1,normal,Model3,NA,NA,FALSE,99.93,100,98,85.84,96.9,94.61,NA,NA
10000,1000,24,3,3,100,0.75,1,lognormal,Model1,NA,NA,FALSE,5.06,5.21,4.95,4.84,1.79,4.25,NA,NA
10000,1000,24,3,3,100,0.75,1,mixed,Model2,NA,NA,FALSE,53.45,91,53.7,44.3,28.03,18.86,NA,NA
10000,1000,24,3,3,100,0.75,1,normal,Model5,NA,NA,FALSE,98.4,99.96,94.79,78.54,90.33,84.46,NA,NA
10000,1000,24,3,3,100,0.75,1,mixed,Model1,NA,NA,FALSE,5.68,6.35,6.33,7.24,3.47,5.25,NA,NA
10000,1000,24,3,3,100,0.75,1,lognormal,Model4,NA,NA,FALSE,5.11,5.15,4.89,4.77,2.14,4.73,NA,NA
10000,1000,24,3,3,100,0.5,1,normal,Model2,NA,NA,FALSE,65.04,91.73,54.39,50.69,31.64,36.03,NA,NA
10000,1000,24,3,3,100,0.5,1,normal,Model6,NA,NA,FALSE,84.54,96.98,77.9,60.3,66.17,46.56,NA,NA
10000,1000,24,3,3,100,0.75,1,normal,Model1,NA,NA,FALSE,5.21,5.18,5.21,5.12,3.03,4.49,NA,NA
10000,1000,24,3,3,100,0.5,1,mixed,Model7,NA,NA,FALSE,96.24,100,94.1,96.64,78.05,100,NA,NA
10000,1000,24,3,3,100,0.75,1,normal,Model2,NA,NA,FALSE,97.95,99.95,91.02,76.1,79.91,81.6,NA,NA
10000,1000,24,3,3,100,0.75,1,normal,Model6,NA,NA,FALSE,99.6,100,97.67,81.18,96.61,90.29,NA,NA
10000,1000,24,3,3,100,0.5,1,lognormal,Model6,NA,NA,FALSE,100,99.97,99.89,74.18,100,74.07,NA,NA
10000,1000,24,3,3,100,0.5,1,mixed,Model2,NA,NA,FALSE,47.18,74.27,47.07,35.67,21.49,13.19,NA,NA
10000,1000,24,3,3,100,0.5,1,mixed,Model4,NA,NA,FALSE,5.13,5.09,6.05,6.74,2.87,5.78,NA,NA
10000,1000,24,3,3,100,0.5,1,lognormal,Model4,NA,NA,FALSE,5.12,5.12,4.95,4.8,2.26,5.03,NA,NA
10000,1000,24,3,3,100,0.75,1,lognormal,Model7,NA,NA,FALSE,100,100,99.88,98.98,100,100,NA,NA
10000,1000,24,3,3,100,0.75,1,mixed,Model7,NA,NA,FALSE,92.16,100,91.67,96.98,74.66,100,NA,NA
10000,1000,24,3,3,100,0.75,1,normal,Model4,NA,NA,FALSE,5.21,5.18,5.21,5.12,3.08,4.46,NA,NA
10000,1000,24,3,3,100,0.75,1,mixed,Model5,NA,NA,FALSE,75.18,83.57,75.35,43.89,59.69,19.42,NA,NA
10000,1000,24,3,3,100,0.75,1,lognormal,Model2,NA,NA,FALSE,99.99,99.99,99.3,82.22,98.81,89.5,NA,NA
10000,1000,12,9,9,100,0.5,1,normal,Model7,NA,NA,FALSE,100,100,100,100,100,100,100,100
10000,1000,12,9,9,100,0.5,1,mixed,Model7,NA,NA,FALSE,53.41,99.87,75.86,100,68.76,100,91.34,100
10000,1000,12,9,9,100,0.75,1,normal,Model7,NA,NA,FALSE,100,100,100,100,100,100,100,100
10000,1000,12,9,9,100,0.5,1,lognormal,Model7,NA,NA,FALSE,89.24,99.8,93.71,99.99,88.89,99.99,98.53,99.99
10000,1000,12,9,9,100,0.75,1,lognormal,Model7,NA,NA,FALSE,99.9,100,99.95,100,99.84,100,100,100
10000,1000,12,9,9,100,0.75,1,mixed,Model7,NA,NA,FALSE,46.38,99.97,68.49,100,63.09,100,91.09,100
